"año","Departamento","sector","subsector","institucion","proyecto","montoanualaprobado"
"2018","Copán","Agroforestal y Turismo","Desarrollo Productivo","Cuenta del Desafio del Milenio-Honduras","PROYECTO DE COMPETITIVIDAD RURAL EN HONDURAS, (COMRURAL)","1148161.18"
"2018","Francisco Morazán","Agroforestal y Turismo","Desarrollo Productivo","Cuenta del Desafio del Milenio-Honduras","PROYECTO DE COMPETITIVIDAD RURAL EN HONDURAS, (COMRURAL)","5784626.2"
"2018","Intibucá","Agroforestal y Turismo","Desarrollo Productivo","Cuenta del Desafio del Milenio-Honduras","PROYECTO DE COMPETITIVIDAD RURAL EN HONDURAS, (COMRURAL)","1132502.51"
"2018","Santa Bárbara","Agroforestal y Turismo","Desarrollo Productivo","Cuenta del Desafio del Milenio-Honduras","PROYECTO DE COMPETITIVIDAD RURAL EN HONDURAS, (COMRURAL)","1115211.58"
"2018","Francisco Morazán","Fortalecimiento Institucional","Modernización del Estado","Secretaría de Finanzas","APOYO A LA ESTRATEGIA DE INVERSIÓN PÚBLICA DE MEDIANO PLAZO","2123683.87"
"2018","Francisco Morazán","Fortalecimiento Institucional","Modernización del Estado","Secretaría de Finanzas","APOYO INSTITUCIONAL A COALIANZA Y A LA CONSOLIDACION DE SU CARTERA DE PROYECTOS","4387205.37"
"2018","Comayagua","Fortalecimiento Institucional","Modernización del Estado","Secretaría de Finanzas","MANEJO SOSTENIBLE DE BOSQUES","9899608.85"
"2018","El Paraíso","Fortalecimiento Institucional","Modernización del Estado","Secretaría de Finanzas","MANEJO SOSTENIBLE DE BOSQUES","376036.97"
"2018","Francisco Morazán","Fortalecimiento Institucional","Modernización del Estado","Secretaría de Finanzas","MANEJO SOSTENIBLE DE BOSQUES","21636755.2"
"2018","Olancho","Fortalecimiento Institucional","Modernización del Estado","Secretaría de Finanzas","MANEJO SOSTENIBLE DE BOSQUES","752073.95"
"2018","Yoro","Fortalecimiento Institucional","Modernización del Estado","Secretaría de Finanzas","MANEJO SOSTENIBLE DE BOSQUES","376036.97"
"2018","Francisco Morazán","Fortalecimiento Institucional","Modernización del Estado","Secretaría de Finanzas","PROYECTO MEJORA DE LOS SISTEMAS DE GESTION DE LAS FINANZAS PUBLICAS","6332246.41"
"2018","Francisco Morazán","Promoción y Protección Humana","Agua y Saneamiento","Secretaría de Finanzas","PROGRAMA MULTISECTORIAL DE EMERGENCIA:FORTALECIMIENTO FISCAL","14208245.17"
"2018","Francisco Morazán","Promoción y Protección Humana","Agua y Saneamiento","Secretaría de Finanzas","PROGRAMA MULTISECTORIAL DE EMERGENCIA:FORTALECIMIENTO FISCAL","4936611.76"
"2018","Francisco Morazán","Promoción y Protección Humana","Protección Social","Secretaría de Finanzas","APOYO A LA IMPLEMENTACION DEL PLAN DE LA ALIANZA PARA LA PROSPERIDAD DEL TRIANGULO NORTE","5099499"
"2018","Copán","Agroforestal y Turismo","Desarrollo Productivo","Programa Nacional de Desarrollo Rural y Urbano Sostenible","PROGRAMA TRINACIONAL DE CAFE ESPECIAL SOSTENIBLE (PROTCAFES)","484393.2"
"2018","Ocotepeque","Agroforestal y Turismo","Desarrollo Productivo","Programa Nacional de Desarrollo Rural y Urbano Sostenible","PROGRAMA TRINACIONAL DE CAFE ESPECIAL SOSTENIBLE (PROTCAFES)","1130250.8"
"2018","Copán","Comunicaciones y Energía","Energía","Fondo Hondureño de Inversión Social","PRODUCTIVIDAD Y OPORTUNIDAD PARA EL DESARROLLO A TRAVÉS DE ENERGÍA RENOVABLE (PODER)","2293381.68"
"2018","Intibucá","Comunicaciones y Energía","Energía","Fondo Hondureño de Inversión Social","PRODUCTIVIDAD Y OPORTUNIDAD PARA EL DESARROLLO A TRAVÉS DE ENERGÍA RENOVABLE (PODER)","6809049.42"
"2018","La Paz","Comunicaciones y Energía","Energía","Fondo Hondureño de Inversión Social","PRODUCTIVIDAD Y OPORTUNIDAD PARA EL DESARROLLO A TRAVÉS DE ENERGÍA RENOVABLE (PODER)","5700711.95"
"2018","Lempira","Comunicaciones y Energía","Energía","Fondo Hondureño de Inversión Social","PRODUCTIVIDAD Y OPORTUNIDAD PARA EL DESARROLLO A TRAVÉS DE ENERGÍA RENOVABLE (PODER)","478226.7"
"2018","Ocotepeque","Comunicaciones y Energía","Energía","Fondo Hondureño de Inversión Social","PRODUCTIVIDAD Y OPORTUNIDAD PARA EL DESARROLLO A TRAVÉS DE ENERGÍA RENOVABLE (PODER)","2377424.92"
"2018","Santa Bárbara","Comunicaciones y Energía","Energía","Fondo Hondureño de Inversión Social","PRODUCTIVIDAD Y OPORTUNIDAD PARA EL DESARROLLO A TRAVÉS DE ENERGÍA RENOVABLE (PODER)","3161205.02"
"2018","Copán","Comunicaciones y Energía","Energía","Programa Nacional de Desarrollo Rural y Urbano Sostenible","PROYECTO DE ENERGÍA RENOVABLE PARA EL DESARROLLO RURAL SOSTENIBLE PRO-ENERGÍA RURAL","4089079.19"
"2018","Intibucá","Comunicaciones y Energía","Energía","Programa Nacional de Desarrollo Rural y Urbano Sostenible","PROYECTO DE ENERGÍA RENOVABLE PARA EL DESARROLLO RURAL SOSTENIBLE PRO-ENERGÍA RURAL","71911392.59"
"2018","La Paz","Comunicaciones y Energía","Energía","Programa Nacional de Desarrollo Rural y Urbano Sostenible","PROYECTO DE ENERGÍA RENOVABLE PARA EL DESARROLLO RURAL SOSTENIBLE PRO-ENERGÍA RURAL","32085954.69"
"2018","Lempira","Comunicaciones y Energía","Energía","Programa Nacional de Desarrollo Rural y Urbano Sostenible","PROYECTO DE ENERGÍA RENOVABLE PARA EL DESARROLLO RURAL SOSTENIBLE PRO-ENERGÍA RURAL","71347381.67"
"2018","Ocotepeque","Comunicaciones y Energía","Energía","Programa Nacional de Desarrollo Rural y Urbano Sostenible","PROYECTO DE ENERGÍA RENOVABLE PARA EL DESARROLLO RURAL SOSTENIBLE PRO-ENERGÍA RURAL","3055059.16"
"2018","Santa Bárbara","Comunicaciones y Energía","Energía","Programa Nacional de Desarrollo Rural y Urbano Sostenible","PROYECTO DE ENERGÍA RENOVABLE PARA EL DESARROLLO RURAL SOSTENIBLE PRO-ENERGÍA RURAL","8616833.54"
"2018","Comayagua","Fortalecimiento Institucional","Seguridad y Defensa","Fondo Hondureño de Inversión Social","PROYECTO CONVIVENCIA Y ESPACIOS SEGUROS PARA LOS JÓVENES EN HONDURAS","6522792.26"
"2018","Cortés","Fortalecimiento Institucional","Seguridad y Defensa","Fondo Hondureño de Inversión Social","PROYECTO CONVIVENCIA Y ESPACIOS SEGUROS PARA LOS JÓVENES EN HONDURAS","8606536.58"
"2018","Francisco Morazán","Fortalecimiento Institucional","Seguridad y Defensa","Fondo Hondureño de Inversión Social","PROYECTO CONVIVENCIA Y ESPACIOS SEGUROS PARA LOS JÓVENES EN HONDURAS","18530586.01"
"2018","Lempira","Fortalecimiento Institucional","Seguridad y Defensa","Fondo Hondureño de Inversión Social","PROYECTO CONVIVENCIA Y ESPACIOS SEGUROS PARA LOS JÓVENES EN HONDURAS","9875823.8"
"2018","Francisco Morazán","Fortalecimiento Institucional","Seguridad y Defensa","Fondo Hondureño de Inversión Social","PROYECTO MUNICIPIOS MAS SEGUROS","22123747.43"
"2018","Cortés","Fortalecimiento Institucional","Seguridad y Defensa","Fondo Hondureño de Inversión Social","PROYECTO MUNICIPIOS MAS SEGUROS","4845596.73"
"2018","Yoro","Fortalecimiento Institucional","Seguridad y Defensa","Fondo Hondureño de Inversión Social","PROYECTO MUNICIPIOS MAS SEGUROS","4870026.72"
"2018","Choluteca","Promoción y Protección Humana","Educación","Fondo Hondureño de Inversión Social","PROGRAMA DE MEJORA DE LA INFRAESTRUCTURA ESCOLAR (PROMINE/KFW, FASE II)","1707638.46"
"2018","Colón","Promoción y Protección Humana","Educación","Fondo Hondureño de Inversión Social","PROGRAMA DE MEJORA DE LA INFRAESTRUCTURA ESCOLAR (PROMINE/KFW, FASE II)","1225263.87"
"2018","Francisco Morazán","Promoción y Protección Humana","Educación","Fondo Hondureño de Inversión Social","PROGRAMA DE MEJORA DE LA INFRAESTRUCTURA ESCOLAR (PROMINE/KFW, FASE II)","17416254.85"
"2018","La Paz","Promoción y Protección Humana","Educación","Fondo Hondureño de Inversión Social","PROGRAMA DE MEJORA DE LA INFRAESTRUCTURA ESCOLAR (PROMINE/KFW, FASE II)","384259.79"
"2018","Lempira","Promoción y Protección Humana","Educación","Fondo Hondureño de Inversión Social","PROGRAMA DE MEJORA DE LA INFRAESTRUCTURA ESCOLAR (PROMINE/KFW, FASE II)","16550361.36"
"2018","Ocotepeque","Promoción y Protección Humana","Educación","Fondo Hondureño de Inversión Social","PROGRAMA DE MEJORA DE LA INFRAESTRUCTURA ESCOLAR (PROMINE/KFW, FASE II)","612692.72"
"2018","Olancho","Promoción y Protección Humana","Educación","Fondo Hondureño de Inversión Social","PROGRAMA DE MEJORA DE LA INFRAESTRUCTURA ESCOLAR (PROMINE/KFW, FASE II)","589942.76"
"2018","Santa Bárbara","Promoción y Protección Humana","Educación","Fondo Hondureño de Inversión Social","PROGRAMA DE MEJORA DE LA INFRAESTRUCTURA ESCOLAR (PROMINE/KFW, FASE II)","9884216.76"
"2018","Intibucá","Promoción y Protección Humana","Educación","Fondo Hondureño de Inversión Social","PROGRAMA DE MEJORA DE LA INFRAESTRUCTURA ESCOLAR (PROMINE/KFW, FASE II)","2580971.24"
"2018","Francisco Morazán","Promoción y Protección Humana","Educación","Secretaría de Educación","MAXIMIZANDO EL IMPACTO DE TECNOLOGÍA DE INFORMACIÓN Y COMUNICACIONES EN EL SECTOR EDUCATIVO","5228728.49"
"2018","Intibucá","Promoción y Protección Humana","Educación","Secretaría de Educación","MAXIMIZANDO EL IMPACTO DE TECNOLOGÍA DE INFORMACIÓN Y COMUNICACIONES EN EL SECTOR EDUCATIVO","60966.1"
"2018","Lempira","Promoción y Protección Humana","Educación","Secretaría de Educación","MAXIMIZANDO EL IMPACTO DE TECNOLOGÍA DE INFORMACIÓN Y COMUNICACIONES EN EL SECTOR EDUCATIVO","76679.3"
"2018","Ocotepeque","Promoción y Protección Humana","Educación","Secretaría de Educación","MAXIMIZANDO EL IMPACTO DE TECNOLOGÍA DE INFORMACIÓN Y COMUNICACIONES EN EL SECTOR EDUCATIVO","125985.03"
"2018","Copán","Promoción y Protección Humana","Educación","Secretaría de Educación","MAXIMIZANDO EL IMPACTO DE TECNOLOGÍA DE INFORMACIÓN Y COMUNICACIONES EN EL SECTOR EDUCATIVO","90924.3"
"2018","Comayagua","Promoción y Protección Humana","Educación","Secretaría de Educación","MAXIMIZANDO EL IMPACTO DE TECNOLOGÍA DE INFORMACIÓN Y COMUNICACIONES EN EL SECTOR EDUCATIVO","644414.25"
"2018","Francisco Morazán","Promoción y Protección Humana","Educación","Secretaría de Educación","PROGRAMA DE MEJORA DE LA INFRAESTRUCTURA ESCOLAR (PROMINE/KFW, FASE II)","6434775.34"
"2018","Atlántida","Promoción y Protección Humana","Protección Social","Fondo Hondureño de Inversión Social","PROGRAMA DE INFRAESTRUCTURA PARA LA SEGURIDAD CIUDADANA","4075093.32"
"2018","Cortés","Promoción y Protección Humana","Protección Social","Fondo Hondureño de Inversión Social","PROGRAMA DE INFRAESTRUCTURA PARA LA SEGURIDAD CIUDADANA","12815501.4"
"2018","Francisco Morazán","Promoción y Protección Humana","Protección Social","Fondo Hondureño de Inversión Social","PROGRAMA DE INFRAESTRUCTURA PARA LA SEGURIDAD CIUDADANA","5015958.96"
"2018","Francisco Morazán","Promoción y Protección Humana","Protección Social","Fondo Hondureño de Inversión Social","PROGRAMA DE PUEBLOS INDIGENAS Y AFROHondureñoS Y CAMBIO CLIMATICO","1361890.6"
"2018","Lempira","Promoción y Protección Humana","Protección Social","Fondo Hondureño de Inversión Social","PROGRAMA DE PUEBLOS INDIGENAS Y AFROHondureñoS Y CAMBIO CLIMATICO","1255811.8"
"2018","Intibucá","Promoción y Protección Humana","Protección Social","Fondo Hondureño de Inversión Social","PROGRAMA DE PUEBLOS INDIGENAS Y AFROHondureñoS Y CAMBIO CLIMATICO","1850880"
"2018","Ocotepeque","Promoción y Protección Humana","Protección Social","Fondo Hondureño de Inversión Social","PROGRAMA DE PUEBLOS INDIGENAS Y AFROHondureñoS Y CAMBIO CLIMATICO","600573.75"
"2018","Copán","Promoción y Protección Humana","Protección Social","Fondo Hondureño de Inversión Social","PROGRAMA DE PUEBLOS INDIGENAS Y AFROHondureñoS Y CAMBIO CLIMATICO","685322.73"
"2018","Santa Bárbara","Promoción y Protección Humana","Protección Social","Fondo Hondureño de Inversión Social","PROGRAMA DE PUEBLOS INDIGENAS Y AFROHondureñoS Y CAMBIO CLIMATICO","637933.17"
"2018","Francisco Morazán","Promoción y Protección Humana","Protección Social","Fondo Hondureño de Inversión Social","PROYECTO DE INFRAESTRUCTURA RURAL (BCIE)","16480154.47"
"2018","Intibucá","Promoción y Protección Humana","Protección Social","Fondo Hondureño de Inversión Social","PROYECTO DE INFRAESTRUCTURA RURAL (BCIE)","8167179.28"
"2018","Lempira","Promoción y Protección Humana","Protección Social","Fondo Hondureño de Inversión Social","PROYECTO DE INFRAESTRUCTURA RURAL (BCIE)","11742750.3"
"2018","Atlántida","Promoción y Protección Humana","Protección Social","Secretaría de Desarrollo e Inclusión Social","ATENCIÓN A MUJERES, JÓVENES, NI?OS Y NI?AS EN SITUACIÓN DE VIOLENCIA Y RIESGO SOCIAL","312267.02"
"2018","Choluteca","Promoción y Protección Humana","Protección Social","Secretaría de Desarrollo e Inclusión Social","ATENCIÓN A MUJERES, JÓVENES, NI?OS Y NI?AS EN SITUACIÓN DE VIOLENCIA Y RIESGO SOCIAL","330071.83"
"2018","Colón","Promoción y Protección Humana","Protección Social","Secretaría de Desarrollo e Inclusión Social","ATENCIÓN A MUJERES, JÓVENES, NI?OS Y NI?AS EN SITUACIÓN DE VIOLENCIA Y RIESGO SOCIAL","319060.21"
"2018","Comayagua","Promoción y Protección Humana","Protección Social","Secretaría de Desarrollo e Inclusión Social","ATENCIÓN A MUJERES, JÓVENES, NI?OS Y NI?AS EN SITUACIÓN DE VIOLENCIA Y RIESGO SOCIAL","334714.49"
"2018","Copán","Promoción y Protección Humana","Protección Social","Secretaría de Desarrollo e Inclusión Social","ATENCIÓN A MUJERES, JÓVENES, NI?OS Y NI?AS EN SITUACIÓN DE VIOLENCIA Y RIESGO SOCIAL","336034.24"
"2018","Cortés","Promoción y Protección Humana","Protección Social","Secretaría de Desarrollo e Inclusión Social","ATENCIÓN A MUJERES, JÓVENES, NI?OS Y NI?AS EN SITUACIÓN DE VIOLENCIA Y RIESGO SOCIAL","323832.57"
"2018","El Paraíso","Promoción y Protección Humana","Protección Social","Secretaría de Desarrollo e Inclusión Social","ATENCIÓN A MUJERES, JÓVENES, NI?OS Y NI?AS EN SITUACIÓN DE VIOLENCIA Y RIESGO SOCIAL","333133.5"
"2018","Francisco Morazán","Promoción y Protección Humana","Protección Social","Secretaría de Desarrollo e Inclusión Social","ATENCIÓN A MUJERES, JÓVENES, NI?OS Y NI?AS EN SITUACIÓN DE VIOLENCIA Y RIESGO SOCIAL","2258256.62"
"2018","Intibucá","Promoción y Protección Humana","Protección Social","Secretaría de Desarrollo e Inclusión Social","ATENCIÓN A MUJERES, JÓVENES, NI?OS Y NI?AS EN SITUACIÓN DE VIOLENCIA Y RIESGO SOCIAL","331204.49"
"2018","La Paz","Promoción y Protección Humana","Protección Social","Secretaría de Desarrollo e Inclusión Social","ATENCIÓN A MUJERES, JÓVENES, NI?OS Y NI?AS EN SITUACIÓN DE VIOLENCIA Y RIESGO SOCIAL","333133.5"
"2018","Ocotepeque","Promoción y Protección Humana","Protección Social","Secretaría de Desarrollo e Inclusión Social","ATENCIÓN A MUJERES, JÓVENES, NI?OS Y NI?AS EN SITUACIÓN DE VIOLENCIA Y RIESGO SOCIAL","330071.83"
"2018","Olancho","Promoción y Protección Humana","Protección Social","Secretaría de Desarrollo e Inclusión Social","ATENCIÓN A MUJERES, JÓVENES, NI?OS Y NI?AS EN SITUACIÓN DE VIOLENCIA Y RIESGO SOCIAL","336034.24"
"2018","Santa Bárbara","Promoción y Protección Humana","Protección Social","Secretaría de Desarrollo e Inclusión Social","ATENCIÓN A MUJERES, JÓVENES, NI?OS Y NI?AS EN SITUACIÓN DE VIOLENCIA Y RIESGO SOCIAL","338541.06"
"2018","Valle","Promoción y Protección Humana","Protección Social","Secretaría de Desarrollo e Inclusión Social","ATENCIÓN A MUJERES, JÓVENES, NI?OS Y NI?AS EN SITUACIÓN DE VIOLENCIA Y RIESGO SOCIAL","315987.07"
"2018","Yoro","Promoción y Protección Humana","Protección Social","Secretaría de Desarrollo e Inclusión Social","ATENCIÓN A MUJERES, JÓVENES, NI?OS Y NI?AS EN SITUACIÓN DE VIOLENCIA Y RIESGO SOCIAL","321639.11"
"2018","Atlántida","Promoción y Protección Humana","Protección Social","Secretaría de Desarrollo e Inclusión Social","BOLSON ESCOLAR Y EQUIPO DE UTILES","221164.81"
"2018","Choluteca","Promoción y Protección Humana","Protección Social","Secretaría de Desarrollo e Inclusión Social","BOLSON ESCOLAR Y EQUIPO DE UTILES","442329.61"
"2018","Colón","Promoción y Protección Humana","Protección Social","Secretaría de Desarrollo e Inclusión Social","BOLSON ESCOLAR Y EQUIPO DE UTILES","221164.81"
"2018","Comayagua","Promoción y Protección Humana","Protección Social","Secretaría de Desarrollo e Inclusión Social","BOLSON ESCOLAR Y EQUIPO DE UTILES","331747.21"
"2018","Copán","Promoción y Protección Humana","Protección Social","Secretaría de Desarrollo e Inclusión Social","BOLSON ESCOLAR Y EQUIPO DE UTILES","309630.73"
"2018","Cortés","Promoción y Protección Humana","Protección Social","Secretaría de Desarrollo e Inclusión Social","BOLSON ESCOLAR Y EQUIPO DE UTILES","486562.57"
"2018","El Paraíso","Promoción y Protección Humana","Protección Social","Secretaría de Desarrollo e Inclusión Social","BOLSON ESCOLAR Y EQUIPO DE UTILES","398096.65"
"2018","Francisco Morazán","Promoción y Protección Humana","Protección Social","Secretaría de Desarrollo e Inclusión Social","BOLSON ESCOLAR Y EQUIPO DE UTILES","858013.1"
"2018","Gracias a Dios","Promoción y Protección Humana","Protección Social","Secretaría de Desarrollo e Inclusión Social","BOLSON ESCOLAR Y EQUIPO DE UTILES","331747.21"
"2018","Intibucá","Promoción y Protección Humana","Protección Social","Secretaría de Desarrollo e Inclusión Social","BOLSON ESCOLAR Y EQUIPO DE UTILES","265397.77"
"2018","Islas de la Bahía","Promoción y Protección Humana","Protección Social","Secretaría de Desarrollo e Inclusión Social","BOLSON ESCOLAR Y EQUIPO DE UTILES","221164.81"
"2018","La Paz","Promoción y Protección Humana","Protección Social","Secretaría de Desarrollo e Inclusión Social","BOLSON ESCOLAR Y EQUIPO DE UTILES","420213.13"
"2018","Lempira","Promoción y Protección Humana","Protección Social","Secretaría de Desarrollo e Inclusión Social","BOLSON ESCOLAR Y EQUIPO DE UTILES","552912.01"
"2018","Ocotepeque","Promoción y Protección Humana","Protección Social","Secretaría de Desarrollo e Inclusión Social","BOLSON ESCOLAR Y EQUIPO DE UTILES","331747.21"
"2018","Olancho","Promoción y Protección Humana","Protección Social","Secretaría de Desarrollo e Inclusión Social","BOLSON ESCOLAR Y EQUIPO DE UTILES","530795.53"
"2018","Santa Bárbara","Promoción y Protección Humana","Protección Social","Secretaría de Desarrollo e Inclusión Social","BOLSON ESCOLAR Y EQUIPO DE UTILES","439454.27"
"2018","Valle","Promoción y Protección Humana","Protección Social","Secretaría de Desarrollo e Inclusión Social","BOLSON ESCOLAR Y EQUIPO DE UTILES","265397.77"
"2018","Yoro","Promoción y Protección Humana","Protección Social","Secretaría de Desarrollo e Inclusión Social","BOLSON ESCOLAR Y EQUIPO DE UTILES","265397.77"
"2018","Atlántida","Promoción y Protección Humana","Protección Social","Secretaría de Desarrollo e Inclusión Social","CENTROS DE ATENCIÓN A PERSONAS  CON CAPACIDADES ESPECIALES Y ADULTOS MAYORES EN SITUACIÓN DE VULNERABILIDAD","1753485.49"
"2018","Choluteca","Promoción y Protección Humana","Protección Social","Secretaría de Desarrollo e Inclusión Social","CENTROS DE ATENCIÓN A PERSONAS  CON CAPACIDADES ESPECIALES Y ADULTOS MAYORES EN SITUACIÓN DE VULNERABILIDAD","1861155.74"
"2018","Colón","Promoción y Protección Humana","Protección Social","Secretaría de Desarrollo e Inclusión Social","CENTROS DE ATENCIÓN A PERSONAS  CON CAPACIDADES ESPECIALES Y ADULTOS MAYORES EN SITUACIÓN DE VULNERABILIDAD","1796553.68"
"2018","Comayagua","Promoción y Protección Humana","Protección Social","Secretaría de Desarrollo e Inclusión Social","CENTROS DE ATENCIÓN A PERSONAS  CON CAPACIDADES ESPECIALES Y ADULTOS MAYORES EN SITUACIÓN DE VULNERABILIDAD","1886791.53"
"2018","Copán","Promoción y Protección Humana","Protección Social","Secretaría de Desarrollo e Inclusión Social","CENTROS DE ATENCIÓN A PERSONAS  CON CAPACIDADES ESPECIALES Y ADULTOS MAYORES EN SITUACIÓN DE VULNERABILIDAD","1893925.06"
"2018","Cortés","Promoción y Protección Humana","Protección Social","Secretaría de Desarrollo e Inclusión Social","CENTROS DE ATENCIÓN A PERSONAS  CON CAPACIDADES ESPECIALES Y ADULTOS MAYORES EN SITUACIÓN DE VULNERABILIDAD","1825265.8"
"2018","El Paraíso","Promoción y Protección Humana","Protección Social","Secretaría de Desarrollo e Inclusión Social","CENTROS DE ATENCIÓN A PERSONAS  CON CAPACIDADES ESPECIALES Y ADULTOS MAYORES EN SITUACIÓN DE VULNERABILIDAD","1878156.53"
"2018","Francisco Morazán","Promoción y Protección Humana","Protección Social","Secretaría de Desarrollo e Inclusión Social","CENTROS DE ATENCIÓN A PERSONAS  CON CAPACIDADES ESPECIALES Y ADULTOS MAYORES EN SITUACIÓN DE VULNERABILIDAD","2153403.61"
"2018","Gracias a Dios","Promoción y Protección Humana","Protección Social","Secretaría de Desarrollo e Inclusión Social","CENTROS DE ATENCIÓN A PERSONAS  CON CAPACIDADES ESPECIALES Y ADULTOS MAYORES EN SITUACIÓN DE VULNERABILIDAD","1681705.62"
"2018","Intibucá","Promoción y Protección Humana","Protección Social","Secretaría de Desarrollo e Inclusión Social","CENTROS DE ATENCIÓN A PERSONAS  CON CAPACIDADES ESPECIALES Y ADULTOS MAYORES EN SITUACIÓN DE VULNERABILIDAD","1867489.46"
"2018","La Paz","Promoción y Protección Humana","Protección Social","Secretaría de Desarrollo e Inclusión Social","CENTROS DE ATENCIÓN A PERSONAS  CON CAPACIDADES ESPECIALES Y ADULTOS MAYORES EN SITUACIÓN DE VULNERABILIDAD","1878156.53"
"2018","Lempira","Promoción y Protección Humana","Protección Social","Secretaría de Desarrollo e Inclusión Social","CENTROS DE ATENCIÓN A PERSONAS  CON CAPACIDADES ESPECIALES Y ADULTOS MAYORES EN SITUACIÓN DE VULNERABILIDAD","1907300.26"
"2018","Ocotepeque","Promoción y Protección Humana","Protección Social","Secretaría de Desarrollo e Inclusión Social","CENTROS DE ATENCIÓN A PERSONAS  CON CAPACIDADES ESPECIALES Y ADULTOS MAYORES EN SITUACIÓN DE VULNERABILIDAD","1861155.74"
"2018","Olancho","Promoción y Protección Humana","Protección Social","Secretaría de Desarrollo e Inclusión Social","CENTROS DE ATENCIÓN A PERSONAS  CON CAPACIDADES ESPECIALES Y ADULTOS MAYORES EN SITUACIÓN DE VULNERABILIDAD","1893925.06"
"2018","Santa Bárbara","Promoción y Protección Humana","Protección Social","Secretaría de Desarrollo e Inclusión Social","CENTROS DE ATENCIÓN A PERSONAS  CON CAPACIDADES ESPECIALES Y ADULTOS MAYORES EN SITUACIÓN DE VULNERABILIDAD","1907300.26"
"2018","Valle","Promoción y Protección Humana","Protección Social","Secretaría de Desarrollo e Inclusión Social","CENTROS DE ATENCIÓN A PERSONAS  CON CAPACIDADES ESPECIALES Y ADULTOS MAYORES EN SITUACIÓN DE VULNERABILIDAD","1777412.26"
"2018","Yoro","Promoción y Protección Humana","Protección Social","Secretaría de Desarrollo e Inclusión Social","CENTROS DE ATENCIÓN A PERSONAS  CON CAPACIDADES ESPECIALES Y ADULTOS MAYORES EN SITUACIÓN DE VULNERABILIDAD","1812214.96"
"2018","Atlántida","Promoción y Protección Humana","Protección Social","Secretaría de Desarrollo e Inclusión Social","CENTROS DE ATENCIÓN INTEGRAL PARA MEJORAR LAS CONDICIONES DE VIDA DE LAS MUJERES HONDURE?AS (CIUDAD MUJER)","3609160.32"
"2018","Cortés","Promoción y Protección Humana","Protección Social","Secretaría de Desarrollo e Inclusión Social","CENTROS DE ATENCIÓN INTEGRAL PARA MEJORAR LAS CONDICIONES DE VIDA DE LAS MUJERES HONDURE?AS (CIUDAD MUJER)","3392491.98"
"2018","Francisco Morazán","Promoción y Protección Humana","Protección Social","Secretaría de Desarrollo e Inclusión Social","CENTROS DE ATENCIÓN INTEGRAL PARA MEJORAR LAS CONDICIONES DE VIDA DE LAS MUJERES HONDURE?AS (CIUDAD MUJER)","1039797.55"
"2018","Atlántida","Promoción y Protección Humana","Protección Social","Secretaría de Desarrollo e Inclusión Social","OPORTUNIDADES PARA MADRES Y JOVENES COMO ESTRATEGIA DE SALIDA DEL BONO VIDA MEJOR","293952.45"
"2018","Choluteca","Promoción y Protección Humana","Protección Social","Secretaría de Desarrollo e Inclusión Social","OPORTUNIDADES PARA MADRES Y JOVENES COMO ESTRATEGIA DE SALIDA DEL BONO VIDA MEJOR","300439.26"
"2018","Colón","Promoción y Protección Humana","Protección Social","Secretaría de Desarrollo e Inclusión Social","OPORTUNIDADES PARA MADRES Y JOVENES COMO ESTRATEGIA DE SALIDA DEL BONO VIDA MEJOR","100751.85"
"2018","Comayagua","Promoción y Protección Humana","Protección Social","Secretaría de Desarrollo e Inclusión Social","OPORTUNIDADES PARA MADRES Y JOVENES COMO ESTRATEGIA DE SALIDA DEL BONO VIDA MEJOR","478047.82"
"2018","Copán","Promoción y Protección Humana","Protección Social","Secretaría de Desarrollo e Inclusión Social","OPORTUNIDADES PARA MADRES Y JOVENES COMO ESTRATEGIA DE SALIDA DEL BONO VIDA MEJOR","944532.44"
"2018","Cortés","Promoción y Protección Humana","Protección Social","Secretaría de Desarrollo e Inclusión Social","OPORTUNIDADES PARA MADRES Y JOVENES COMO ESTRATEGIA DE SALIDA DEL BONO VIDA MEJOR","269277.75"
"2018","El Paraíso","Promoción y Protección Humana","Protección Social","Secretaría de Desarrollo e Inclusión Social","OPORTUNIDADES PARA MADRES Y JOVENES COMO ESTRATEGIA DE SALIDA DEL BONO VIDA MEJOR","1385945.16"
"2018","Francisco Morazán","Promoción y Protección Humana","Protección Social","Secretaría de Desarrollo e Inclusión Social","OPORTUNIDADES PARA MADRES Y JOVENES COMO ESTRATEGIA DE SALIDA DEL BONO VIDA MEJOR","2001337.58"
"2018","Intibucá","Promoción y Protección Humana","Protección Social","Secretaría de Desarrollo e Inclusión Social","OPORTUNIDADES PARA MADRES Y JOVENES COMO ESTRATEGIA DE SALIDA DEL BONO VIDA MEJOR","773357.84"
"2018","Islas de la Bahía","Promoción y Protección Humana","Protección Social","Secretaría de Desarrollo e Inclusión Social","OPORTUNIDADES PARA MADRES Y JOVENES COMO ESTRATEGIA DE SALIDA DEL BONO VIDA MEJOR","29210.15"
"2018","La Paz","Promoción y Protección Humana","Protección Social","Secretaría de Desarrollo e Inclusión Social","OPORTUNIDADES PARA MADRES Y JOVENES COMO ESTRATEGIA DE SALIDA DEL BONO VIDA MEJOR","1259254.07"
"2018","Lempira","Promoción y Protección Humana","Protección Social","Secretaría de Desarrollo e Inclusión Social","OPORTUNIDADES PARA MADRES Y JOVENES COMO ESTRATEGIA DE SALIDA DEL BONO VIDA MEJOR","932313.94"
"2018","Ocotepeque","Promoción y Protección Humana","Protección Social","Secretaría de Desarrollo e Inclusión Social","OPORTUNIDADES PARA MADRES Y JOVENES COMO ESTRATEGIA DE SALIDA DEL BONO VIDA MEJOR","777563.49"
"2018","Olancho","Promoción y Protección Humana","Protección Social","Secretaría de Desarrollo e Inclusión Social","OPORTUNIDADES PARA MADRES Y JOVENES COMO ESTRATEGIA DE SALIDA DEL BONO VIDA MEJOR","323390.1"
"2018","Santa Bárbara","Promoción y Protección Humana","Protección Social","Secretaría de Desarrollo e Inclusión Social","OPORTUNIDADES PARA MADRES Y JOVENES COMO ESTRATEGIA DE SALIDA DEL BONO VIDA MEJOR","429605.64"
"2018","Valle","Promoción y Protección Humana","Protección Social","Secretaría de Desarrollo e Inclusión Social","OPORTUNIDADES PARA MADRES Y JOVENES COMO ESTRATEGIA DE SALIDA DEL BONO VIDA MEJOR","268178.58"
"2018","Yoro","Promoción y Protección Humana","Protección Social","Secretaría de Desarrollo e Inclusión Social","OPORTUNIDADES PARA MADRES Y JOVENES COMO ESTRATEGIA DE SALIDA DEL BONO VIDA MEJOR","228203.94"
"2018","Choluteca","Promoción y Protección Humana","Protección Social","Secretaría de Desarrollo e Inclusión Social","PROGRAMA DE APOYO AL SISTEMA DE PROTECCION SOCIAL (BONO VIDA MEJOR) BID 3371/BL-HO","29467353.43"
"2018","Copán","Promoción y Protección Humana","Protección Social","Secretaría de Desarrollo e Inclusión Social","PROGRAMA DE APOYO AL SISTEMA DE PROTECCION SOCIAL (BONO VIDA MEJOR) BID 3371/BL-HO","16270499.66"
"2018","El Paraíso","Promoción y Protección Humana","Protección Social","Secretaría de Desarrollo e Inclusión Social","PROGRAMA DE APOYO AL SISTEMA DE PROTECCION SOCIAL (BONO VIDA MEJOR) BID 3371/BL-HO","27513933.93"
"2018","Francisco Morazán","Promoción y Protección Humana","Protección Social","Secretaría de Desarrollo e Inclusión Social","PROGRAMA DE APOYO AL SISTEMA DE PROTECCION SOCIAL (BONO VIDA MEJOR) BID 3371/BL-HO","272268527.3"
"2018","Intibucá","Promoción y Protección Humana","Protección Social","Secretaría de Desarrollo e Inclusión Social","PROGRAMA DE APOYO AL SISTEMA DE PROTECCION SOCIAL (BONO VIDA MEJOR) BID 3371/BL-HO","32907532.95"
"2018","La Paz","Promoción y Protección Humana","Protección Social","Secretaría de Desarrollo e Inclusión Social","PROGRAMA DE APOYO AL SISTEMA DE PROTECCION SOCIAL (BONO VIDA MEJOR) BID 3371/BL-HO","31166313.65"
"2018","Lempira","Promoción y Protección Humana","Protección Social","Secretaría de Desarrollo e Inclusión Social","PROGRAMA DE APOYO AL SISTEMA DE PROTECCION SOCIAL (BONO VIDA MEJOR) BID 3371/BL-HO","63946469.77"
"2018","Ocotepeque","Promoción y Protección Humana","Protección Social","Secretaría de Desarrollo e Inclusión Social","PROGRAMA DE APOYO AL SISTEMA DE PROTECCION SOCIAL (BONO VIDA MEJOR) BID 3371/BL-HO","14802329.93"
"2018","Santa Bárbara","Promoción y Protección Humana","Protección Social","Secretaría de Desarrollo e Inclusión Social","PROGRAMA DE APOYO AL SISTEMA DE PROTECCION SOCIAL (BONO VIDA MEJOR) BID 3371/BL-HO","40348030.09"
"2018","Valle","Promoción y Protección Humana","Protección Social","Secretaría de Desarrollo e Inclusión Social","PROGRAMA DE APOYO AL SISTEMA DE PROTECCION SOCIAL (BONO VIDA MEJOR) BID 3371/BL-HO","13508072.1"
"2018","Francisco Morazán","Promoción y Protección Humana","Protección Social","Secretaría de Desarrollo e Inclusión Social","SEGUNDO FINANCIAMIENTO ADICIONAL PARA EL PROYECTO DE PROTECCION SOCIAL(BONO VIDA MEJOR) BM 5603","61589782.36"
"2018","Gracias a Dios","Promoción y Protección Humana","Protección Social","Secretaría de Desarrollo e Inclusión Social","SEGUNDO FINANCIAMIENTO ADICIONAL PARA EL PROYECTO DE PROTECCION SOCIAL(BONO VIDA MEJOR) BM 5603","6153610.51"
"2018","Olancho","Promoción y Protección Humana","Protección Social","Secretaría de Desarrollo e Inclusión Social","SEGUNDO FINANCIAMIENTO ADICIONAL PARA EL PROYECTO DE PROTECCION SOCIAL(BONO VIDA MEJOR) BM 5603","6823427.11"
"2018","Yoro","Promoción y Protección Humana","Protección Social","Secretaría de Desarrollo e Inclusión Social","SEGUNDO FINANCIAMIENTO ADICIONAL PARA EL PROYECTO DE PROTECCION SOCIAL(BONO VIDA MEJOR) BM 5603","15338459.24"
"2018","Choluteca","Promoción y Protección Humana","Salud","Secretaría de Salud","CONSTRUCCION Y MODERNIZACION DEL HOSPITAL REGIONAL DEL SUR EN CHOLUTECA","26033741.9"
"2018","Choluteca","Promoción y Protección Humana","Salud","Secretaría de Salud","PROGRAMA APOYO A LA RED DE INCLUSIÓN SOCIAL CON PRIORIDAD EN OCCIDENTE","34885773.11"
"2018","Colón","Promoción y Protección Humana","Salud","Secretaría de Salud","PROGRAMA APOYO A LA RED DE INCLUSIÓN SOCIAL CON PRIORIDAD EN OCCIDENTE","227948.47"
"2018","Comayagua","Promoción y Protección Humana","Salud","Secretaría de Salud","PROGRAMA APOYO A LA RED DE INCLUSIÓN SOCIAL CON PRIORIDAD EN OCCIDENTE","147077.49"
"2018","Copán","Promoción y Protección Humana","Salud","Secretaría de Salud","PROGRAMA APOYO A LA RED DE INCLUSIÓN SOCIAL CON PRIORIDAD EN OCCIDENTE","45000080.3"
"2018","Cortés","Promoción y Protección Humana","Salud","Secretaría de Salud","PROGRAMA APOYO A LA RED DE INCLUSIÓN SOCIAL CON PRIORIDAD EN OCCIDENTE","29656156.64"
"2018","El Paraíso","Promoción y Protección Humana","Salud","Secretaría de Salud","PROGRAMA APOYO A LA RED DE INCLUSIÓN SOCIAL CON PRIORIDAD EN OCCIDENTE","164031.06"
"2018","Francisco Morazán","Promoción y Protección Humana","Salud","Secretaría de Salud","PROGRAMA APOYO A LA RED DE INCLUSIÓN SOCIAL CON PRIORIDAD EN OCCIDENTE","31080867.04"
"2018","Gracias a Dios","Promoción y Protección Humana","Salud","Secretaría de Salud","PROGRAMA APOYO A LA RED DE INCLUSIÓN SOCIAL CON PRIORIDAD EN OCCIDENTE","69702.94"
"2018","Intibucá","Promoción y Protección Humana","Salud","Secretaría de Salud","PROGRAMA APOYO A LA RED DE INCLUSIÓN SOCIAL CON PRIORIDAD EN OCCIDENTE","55049620.78"
"2018","La Paz","Promoción y Protección Humana","Salud","Secretaría de Salud","PROGRAMA APOYO A LA RED DE INCLUSIÓN SOCIAL CON PRIORIDAD EN OCCIDENTE","17391367.86"
"2018","Lempira","Promoción y Protección Humana","Salud","Secretaría de Salud","PROGRAMA APOYO A LA RED DE INCLUSIÓN SOCIAL CON PRIORIDAD EN OCCIDENTE","47223711.2"
"2018","Ocotepeque","Promoción y Protección Humana","Salud","Secretaría de Salud","PROGRAMA APOYO A LA RED DE INCLUSIÓN SOCIAL CON PRIORIDAD EN OCCIDENTE","11151976.83"
"2018","Olancho","Promoción y Protección Humana","Salud","Secretaría de Salud","PROGRAMA APOYO A LA RED DE INCLUSIÓN SOCIAL CON PRIORIDAD EN OCCIDENTE","19939272.6"
"2018","Santa Bárbara","Promoción y Protección Humana","Salud","Secretaría de Salud","PROGRAMA APOYO A LA RED DE INCLUSIÓN SOCIAL CON PRIORIDAD EN OCCIDENTE","524523.21"
"2018","Valle","Promoción y Protección Humana","Salud","Secretaría de Salud","PROGRAMA APOYO A LA RED DE INCLUSIÓN SOCIAL CON PRIORIDAD EN OCCIDENTE","150574.77"
"2018","Yoro","Promoción y Protección Humana","Salud","Secretaría de Salud","PROGRAMA APOYO A LA RED DE INCLUSIÓN SOCIAL CON PRIORIDAD EN OCCIDENTE","770907.48"
"2018","Atlántida","Promoción y Protección Humana","Salud","Secretaría de Salud","PROGRAMA PREVENCIÓN DE LA ENFERMEDAD DE CHAGAS Y LEISHMANIASIS (PENCHALE)","636481.49"
"2018","Choluteca","Promoción y Protección Humana","Salud","Secretaría de Salud","PROGRAMA PREVENCIÓN DE LA ENFERMEDAD DE CHAGAS Y LEISHMANIASIS (PENCHALE)","638474.45"
"2018","Colón","Promoción y Protección Humana","Salud","Secretaría de Salud","PROGRAMA PREVENCIÓN DE LA ENFERMEDAD DE CHAGAS Y LEISHMANIASIS (PENCHALE)","452174.81"
"2018","Comayagua","Promoción y Protección Humana","Salud","Secretaría de Salud","PROGRAMA PREVENCIÓN DE LA ENFERMEDAD DE CHAGAS Y LEISHMANIASIS (PENCHALE)","719955.38"
"2018","Copán","Promoción y Protección Humana","Salud","Secretaría de Salud","PROGRAMA PREVENCIÓN DE LA ENFERMEDAD DE CHAGAS Y LEISHMANIASIS (PENCHALE)","541363.51"
"2018","Cortés","Promoción y Protección Humana","Salud","Secretaría de Salud","PROGRAMA PREVENCIÓN DE LA ENFERMEDAD DE CHAGAS Y LEISHMANIASIS (PENCHALE)","2279496.4"
"2018","El Paraíso","Promoción y Protección Humana","Salud","Secretaría de Salud","PROGRAMA PREVENCIÓN DE LA ENFERMEDAD DE CHAGAS Y LEISHMANIASIS (PENCHALE)","648525.35"
"2018","Francisco Morazán","Promoción y Protección Humana","Salud","Secretaría de Salud","PROGRAMA PREVENCIÓN DE LA ENFERMEDAD DE CHAGAS Y LEISHMANIASIS (PENCHALE)","2201458.66"
"2018","Intibucá","Promoción y Protección Humana","Salud","Secretaría de Salud","PROGRAMA PREVENCIÓN DE LA ENFERMEDAD DE CHAGAS Y LEISHMANIASIS (PENCHALE)","339289.4"
"2018","La Paz","Promoción y Protección Humana","Salud","Secretaría de Salud","PROGRAMA PREVENCIÓN DE LA ENFERMEDAD DE CHAGAS Y LEISHMANIASIS (PENCHALE)","290228.39"
"2018","Lempira","Promoción y Protección Humana","Salud","Secretaría de Salud","PROGRAMA PREVENCIÓN DE LA ENFERMEDAD DE CHAGAS Y LEISHMANIASIS (PENCHALE)","468592.67"
"2018","Ocotepeque","Promoción y Protección Humana","Salud","Secretaría de Salud","PROGRAMA PREVENCIÓN DE LA ENFERMEDAD DE CHAGAS Y LEISHMANIASIS (PENCHALE)","213637.95"
"2018","Olancho","Promoción y Protección Humana","Salud","Secretaría de Salud","PROGRAMA PREVENCIÓN DE LA ENFERMEDAD DE CHAGAS Y LEISHMANIASIS (PENCHALE)","759778.15"
"2018","Santa Bárbara","Promoción y Protección Humana","Salud","Secretaría de Salud","PROGRAMA PREVENCIÓN DE LA ENFERMEDAD DE CHAGAS Y LEISHMANIASIS (PENCHALE)","614720.86"
"2018","Valle","Promoción y Protección Humana","Salud","Secretaría de Salud","PROGRAMA PREVENCIÓN DE LA ENFERMEDAD DE CHAGAS Y LEISHMANIASIS (PENCHALE)","254607.48"
"2018","Yoro","Promoción y Protección Humana","Salud","Secretaría de Salud","PROGRAMA PREVENCIÓN DE LA ENFERMEDAD DE CHAGAS Y LEISHMANIASIS (PENCHALE)","832484.8"
"2018","Choluteca","Promoción y Protección Humana","Salud","Secretaría de Desarrollo e Inclusión Social","PROGRAMA APOYO A LA RED DE INCLUSIÓN SOCIAL CON PRIORIDAD EN OCCIDENTE","5101955.53"
"2018","Copán","Promoción y Protección Humana","Salud","Secretaría de Desarrollo e Inclusión Social","PROGRAMA APOYO A LA RED DE INCLUSIÓN SOCIAL CON PRIORIDAD EN OCCIDENTE","16950548.33"
"2018","Francisco Morazán","Promoción y Protección Humana","Salud","Secretaría de Desarrollo e Inclusión Social","PROGRAMA APOYO A LA RED DE INCLUSIÓN SOCIAL CON PRIORIDAD EN OCCIDENTE","67347343.87"
"2018","Intibucá","Promoción y Protección Humana","Salud","Secretaría de Desarrollo e Inclusión Social","PROGRAMA APOYO A LA RED DE INCLUSIÓN SOCIAL CON PRIORIDAD EN OCCIDENTE","28945746.49"
"2018","La Paz","Promoción y Protección Humana","Salud","Secretaría de Desarrollo e Inclusión Social","PROGRAMA APOYO A LA RED DE INCLUSIÓN SOCIAL CON PRIORIDAD EN OCCIDENTE","5370427.08"
"2018","Lempira","Promoción y Protección Humana","Salud","Secretaría de Desarrollo e Inclusión Social","PROGRAMA APOYO A LA RED DE INCLUSIÓN SOCIAL CON PRIORIDAD EN OCCIDENTE","1600696.62"
"2018","Choluteca","Agroforestal y Turismo","Desarrollo Productivo","Secretaría de Agricultura y Ganadería","PROGRAMA DE DESARROLLO RURAL SOSTENIBLE PARA LA REGION SUR (EMPRENDESUR)","70717019"
"2018","El Paraíso","Agroforestal y Turismo","Desarrollo Productivo","Secretaría de Agricultura y Ganadería","PROGRAMA DE DESARROLLO RURAL SOSTENIBLE PARA LA REGION SUR (EMPRENDESUR)","37321979.55"
"2018","Francisco Morazán","Agroforestal y Turismo","Desarrollo Productivo","Secretaría de Agricultura y Ganadería","PROGRAMA DE DESARROLLO RURAL SOSTENIBLE PARA LA REGION SUR (EMPRENDESUR)","42950516.11"
"2018","La Paz","Agroforestal y Turismo","Desarrollo Productivo","Secretaría de Agricultura y Ganadería","PROGRAMA DE DESARROLLO RURAL SOSTENIBLE PARA LA REGION SUR (EMPRENDESUR)","24439357.75"
"2018","Valle","Agroforestal y Turismo","Desarrollo Productivo","Secretaría de Agricultura y Ganadería","PROGRAMA DE DESARROLLO RURAL SOSTENIBLE PARA LA REGION SUR (EMPRENDESUR)","26131911.79"
"2018","Atlántida","Agroforestal y Turismo","Desarrollo Productivo","Secretaría de Agricultura y Ganadería","PROYECTO DE COMPETITIVIDAD Y DESARROLLO SOSTENIBLE DEL CORREDOR FRONTERIZO SUR OCCIDENTAL PRO-LENCA","3370716"
"2018","Cortés","Agroforestal y Turismo","Desarrollo Productivo","Secretaría de Agricultura y Ganadería","PROYECTO DE COMPETITIVIDAD Y DESARROLLO SOSTENIBLE DEL CORREDOR FRONTERIZO SUR OCCIDENTAL PRO-LENCA","3034433"
"2018","Francisco Morazán","Agroforestal y Turismo","Desarrollo Productivo","Secretaría de Agricultura y Ganadería","PROYECTO DE COMPETITIVIDAD Y DESARROLLO SOSTENIBLE DEL CORREDOR FRONTERIZO SUR OCCIDENTAL PRO-LENCA","18317790.01"
"2018","Intibucá","Agroforestal y Turismo","Desarrollo Productivo","Secretaría de Agricultura y Ganadería","PROYECTO DE COMPETITIVIDAD Y DESARROLLO SOSTENIBLE DEL CORREDOR FRONTERIZO SUR OCCIDENTAL PRO-LENCA","6735798"
"2018","La Paz","Agroforestal y Turismo","Desarrollo Productivo","Secretaría de Agricultura y Ganadería","PROYECTO DE COMPETITIVIDAD Y DESARROLLO SOSTENIBLE DEL CORREDOR FRONTERIZO SUR OCCIDENTAL PRO-LENCA","11577101.33"
"2018","Lempira","Agroforestal y Turismo","Desarrollo Productivo","Secretaría de Agricultura y Ganadería","PROYECTO DE COMPETITIVIDAD Y DESARROLLO SOSTENIBLE DEL CORREDOR FRONTERIZO SUR OCCIDENTAL PRO-LENCA","23160434.78"
"2018","Santa Bárbara","Agroforestal y Turismo","Desarrollo Productivo","Secretaría de Agricultura y Ganadería","PROYECTO DE COMPETITIVIDAD Y DESARROLLO SOSTENIBLE DEL CORREDOR FRONTERIZO SUR OCCIDENTAL PRO-LENCA","1176749"
"2018","El Paraíso","Agroforestal y Turismo","Recursos Forestal y Ambie","Instituto Nacional de Conservación y Desarrollo Forestal","ADAPTACION AL CAMBIO CLIMATICO EN EL SECTOR FORESTAL (CLIFOR)","4496258"
"2018","Francisco Morazán","Agroforestal y Turismo","Recursos Forestal y Ambie","Instituto Nacional de Conservación y Desarrollo Forestal","ADAPTACION AL CAMBIO CLIMATICO EN EL SECTOR FORESTAL (CLIFOR)","41939813.89"
"2018","Gracias a Dios","Agroforestal y Turismo","Recursos Forestal y Ambie","Instituto Nacional de Conservación y Desarrollo Forestal","ADAPTACION AL CAMBIO CLIMATICO EN EL SECTOR FORESTAL (CLIFOR)","19808914"
"2018","Olancho","Agroforestal y Turismo","Recursos Forestal y Ambie","Instituto Nacional de Conservación y Desarrollo Forestal","ADAPTACION AL CAMBIO CLIMATICO EN EL SECTOR FORESTAL (CLIFOR)","6139498"
"2018","Yoro","Agroforestal y Turismo","Recursos Forestal y Ambie","Instituto Nacional de Conservación y Desarrollo Forestal","ADAPTACION AL CAMBIO CLIMATICO EN EL SECTOR FORESTAL (CLIFOR)","17424842"
"2018","Comayagua","Agroforestal y Turismo","Riego","Secretaría de Agricultura y Ganadería","PROYECTO DE DESAROLLO AGRICOLA BAJO RIEGO (PDABR)","14182470.94"
"2018","Francisco Morazán","Agroforestal y Turismo","Riego","Secretaría de Agricultura y Ganadería","PROYECTO DE DESAROLLO AGRICOLA BAJO RIEGO (PDABR)","20167483.59"
"2018","Yoro","Agroforestal y Turismo","Riego","Secretaría de Agricultura y Ganadería","PROYECTO DE DESAROLLO AGRICOLA BAJO RIEGO (PDABR)","9893015.52"
"2018","Comayagua","Fortalecimiento Institucional","Modernización del Estado","Secretaría de Trabajo y Seguridad Social","FORTALECIMIENTO INSTITUCIONAL DE EMPLEO DECENTE Y OPORTUNIDADES DE EMPLEO PARA JÓVENES EN HONDURAS (EURO+LABOR)","18020516"
"2018","Francisco Morazán","Fortalecimiento Institucional","Modernización del Estado","Secretaría de Trabajo y Seguridad Social","FORTALECIMIENTO INSTITUCIONAL DE EMPLEO DECENTE Y OPORTUNIDADES DE EMPLEO PARA JÓVENES EN HONDURAS (EURO+LABOR)","97835113.55"
"2018","Francisco Morazán","Fortalecimiento Institucional","Modernización del Estado","Servicio de Administración de Rentas","FORTALECIMIENTO INSTITUCIONAL Y OPERATIVO DE LA ADMINISTRACIÓN TRIBUTARIA","113143889.8"
"2018","Francisco Morazán","Fortalecimiento Institucional","Modernización del Estado","Tribunal Superior de Cuentas","PROYECTO APOYO A LA IMPLEMENTACIÓN DEL PLAN ESTRATEGICO 2014-2018 PARA EL MEJORAMIENTO Y FORTALECIMIENTO DEL TSC","5972451.56"
"2018","Atlántida","Fortalecimiento Institucional","Modernización del Estado","Poder Judicial","PROMOVIENDO UNA JUSTICIA RAPIDA Y ACCESIBLE EN HONDURAS (EUROJUSTICIA)","6407089.43"
"2018","Choluteca","Fortalecimiento Institucional","Modernización del Estado","Poder Judicial","PROMOVIENDO UNA JUSTICIA RAPIDA Y ACCESIBLE EN HONDURAS (EUROJUSTICIA)","4218450.57"
"2018","Colón","Fortalecimiento Institucional","Modernización del Estado","Poder Judicial","PROMOVIENDO UNA JUSTICIA RAPIDA Y ACCESIBLE EN HONDURAS (EUROJUSTICIA)","2552743.02"
"2018","Comayagua","Fortalecimiento Institucional","Modernización del Estado","Poder Judicial","PROMOVIENDO UNA JUSTICIA RAPIDA Y ACCESIBLE EN HONDURAS (EUROJUSTICIA)","2829853"
"2018","Copán","Fortalecimiento Institucional","Modernización del Estado","Poder Judicial","PROMOVIENDO UNA JUSTICIA RAPIDA Y ACCESIBLE EN HONDURAS (EUROJUSTICIA)","9292371.26"
"2018","Cortés","Fortalecimiento Institucional","Modernización del Estado","Poder Judicial","PROMOVIENDO UNA JUSTICIA RAPIDA Y ACCESIBLE EN HONDURAS (EUROJUSTICIA)","14623050.3"
"2018","El Paraíso","Fortalecimiento Institucional","Modernización del Estado","Poder Judicial","PROMOVIENDO UNA JUSTICIA RAPIDA Y ACCESIBLE EN HONDURAS (EUROJUSTICIA)","2133742.32"
"2018","Francisco Morazán","Fortalecimiento Institucional","Modernización del Estado","Poder Judicial","PROMOVIENDO UNA JUSTICIA RAPIDA Y ACCESIBLE EN HONDURAS (EUROJUSTICIA)","18105813.46"
"2018","Gracias a Dios","Fortalecimiento Institucional","Modernización del Estado","Poder Judicial","PROMOVIENDO UNA JUSTICIA RAPIDA Y ACCESIBLE EN HONDURAS (EUROJUSTICIA)","610633.71"
"2018","Intibucá","Fortalecimiento Institucional","Modernización del Estado","Poder Judicial","PROMOVIENDO UNA JUSTICIA RAPIDA Y ACCESIBLE EN HONDURAS (EUROJUSTICIA)","5954063.68"
"2018","Islas de la Bahía","Fortalecimiento Institucional","Modernización del Estado","Poder Judicial","PROMOVIENDO UNA JUSTICIA RAPIDA Y ACCESIBLE EN HONDURAS (EUROJUSTICIA)","610633.71"
"2018","La Paz","Fortalecimiento Institucional","Modernización del Estado","Poder Judicial","PROMOVIENDO UNA JUSTICIA RAPIDA Y ACCESIBLE EN HONDURAS (EUROJUSTICIA)","7470081.27"
"2018","Lempira","Fortalecimiento Institucional","Modernización del Estado","Poder Judicial","PROMOVIENDO UNA JUSTICIA RAPIDA Y ACCESIBLE EN HONDURAS (EUROJUSTICIA)","6103555.1"
"2018","Ocotepeque","Fortalecimiento Institucional","Modernización del Estado","Poder Judicial","PROMOVIENDO UNA JUSTICIA RAPIDA Y ACCESIBLE EN HONDURAS (EUROJUSTICIA)","4565466.11"
"2018","Olancho","Fortalecimiento Institucional","Modernización del Estado","Poder Judicial","PROMOVIENDO UNA JUSTICIA RAPIDA Y ACCESIBLE EN HONDURAS (EUROJUSTICIA)","610633.71"
"2018","Santa Bárbara","Fortalecimiento Institucional","Modernización del Estado","Poder Judicial","PROMOVIENDO UNA JUSTICIA RAPIDA Y ACCESIBLE EN HONDURAS (EUROJUSTICIA)","3461358.19"
"2018","Valle","Fortalecimiento Institucional","Modernización del Estado","Poder Judicial","PROMOVIENDO UNA JUSTICIA RAPIDA Y ACCESIBLE EN HONDURAS (EUROJUSTICIA)","2552743.02"
"2018","Yoro","Fortalecimiento Institucional","Modernización del Estado","Poder Judicial","PROMOVIENDO UNA JUSTICIA RAPIDA Y ACCESIBLE EN HONDURAS (EUROJUSTICIA)","1029634.41"
"2018","Choluteca","Agroforestal y Turismo","Desarrollo Productivo","Cuenta del Desafio del Milenio-Honduras","ALIANZA PARA EL CORREDOR SECO (USAID-GAFSP)","42033751.24"
"2018","Copán","Agroforestal y Turismo","Desarrollo Productivo","Cuenta del Desafio del Milenio-Honduras","ALIANZA PARA EL CORREDOR SECO (USAID-GAFSP)","22180987.05"
"2018","El Paraíso","Agroforestal y Turismo","Desarrollo Productivo","Cuenta del Desafio del Milenio-Honduras","ALIANZA PARA EL CORREDOR SECO (USAID-GAFSP)","16422325.31"
"2018","Francisco Morazán","Agroforestal y Turismo","Desarrollo Productivo","Cuenta del Desafio del Milenio-Honduras","ALIANZA PARA EL CORREDOR SECO (USAID-GAFSP)","47049345.45"
"2018","Intibucá","Agroforestal y Turismo","Desarrollo Productivo","Cuenta del Desafio del Milenio-Honduras","ALIANZA PARA EL CORREDOR SECO (USAID-GAFSP)","78072173.81"
"2018","La Paz","Agroforestal y Turismo","Desarrollo Productivo","Cuenta del Desafio del Milenio-Honduras","ALIANZA PARA EL CORREDOR SECO (USAID-GAFSP)","78221021.55"
"2018","Lempira","Agroforestal y Turismo","Desarrollo Productivo","Cuenta del Desafio del Milenio-Honduras","ALIANZA PARA EL CORREDOR SECO (USAID-GAFSP)","77655047.74"
"2018","Ocotepeque","Agroforestal y Turismo","Desarrollo Productivo","Cuenta del Desafio del Milenio-Honduras","ALIANZA PARA EL CORREDOR SECO (USAID-GAFSP)","21175372.36"
"2018","Santa Bárbara","Agroforestal y Turismo","Desarrollo Productivo","Cuenta del Desafio del Milenio-Honduras","ALIANZA PARA EL CORREDOR SECO (USAID-GAFSP)","12584549.65"
"2018","Francisco Morazán","Agroforestal y Turismo","Recursos Forestal y Ambie","Cuenta del Desafio del Milenio-Honduras","PROGRAMA PILOTO PARA LA RESILIENCIA CLIMÁTICA (PPCR)","6155186.02"
"2018","Intibucá","Comunicaciones y Energía","Carreteras","Cuenta del Desafio del Milenio-Honduras","CONSTRUCCION Y PAVIMENTACIÓN DE LA CARRETERA LA ESPERANZA - MÁRCALA","39656151.18"
"2018","Choluteca","Comunicaciones y Energía","Carreteras","Cuenta del Desafio del Milenio-Honduras","CONSTRUCCIÓN, REHABILITACIÓN Y AMPLIACIÓN DE LA CARRETERA CA-5 SUR: TEGUCIGALPA - JÍCARO GALÁN","114570875.9"
"2018","Francisco Morazán","Comunicaciones y Energía","Carreteras","Cuenta del Desafio del Milenio-Honduras","CONSTRUCCIÓN, REHABILITACIÓN Y AMPLIACIÓN DE LA CARRETERA CA-5 SUR: TEGUCIGALPA - JÍCARO GALÁN","249554954.7"
"2018","Valle","Comunicaciones y Energía","Carreteras","Cuenta del Desafio del Milenio-Honduras","CONSTRUCCIÓN, REHABILITACIÓN Y AMPLIACIÓN DE LA CARRETERA CA-5 SUR: TEGUCIGALPA - JÍCARO GALÁN","19960732.4"
"2018","Choluteca","Comunicaciones y Energía","Carreteras","Cuenta del Desafio del Milenio-Honduras","CORREDOR PACÍFICO-PROGRAMA DE INTEGRACIÓN VIAL REGIONAL","464331470.3"
"2018","Colón","Comunicaciones y Energía","Carreteras","Cuenta del Desafio del Milenio-Honduras","CORREDOR PACÍFICO-PROGRAMA DE INTEGRACIÓN VIAL REGIONAL","27505069.92"
"2018","Comayagua","Comunicaciones y Energía","Carreteras","Cuenta del Desafio del Milenio-Honduras","CORREDOR PACÍFICO-PROGRAMA DE INTEGRACIÓN VIAL REGIONAL","250242.67"
"2018","Cortés","Comunicaciones y Energía","Carreteras","Cuenta del Desafio del Milenio-Honduras","CORREDOR PACÍFICO-PROGRAMA DE INTEGRACIÓN VIAL REGIONAL","2482998.15"
"2018","El Paraíso","Comunicaciones y Energía","Carreteras","Cuenta del Desafio del Milenio-Honduras","CORREDOR PACÍFICO-PROGRAMA DE INTEGRACIÓN VIAL REGIONAL","1523227.65"
"2018","Francisco Morazán","Comunicaciones y Energía","Carreteras","Cuenta del Desafio del Milenio-Honduras","CORREDOR PACÍFICO-PROGRAMA DE INTEGRACIÓN VIAL REGIONAL","129670610.9"
"2018","Intibucá","Comunicaciones y Energía","Carreteras","Cuenta del Desafio del Milenio-Honduras","CORREDOR PACÍFICO-PROGRAMA DE INTEGRACIÓN VIAL REGIONAL","1325889.3"
"2018","La Paz","Comunicaciones y Energía","Carreteras","Cuenta del Desafio del Milenio-Honduras","CORREDOR PACÍFICO-PROGRAMA DE INTEGRACIÓN VIAL REGIONAL","2133501.33"
"2018","Olancho","Comunicaciones y Energía","Carreteras","Cuenta del Desafio del Milenio-Honduras","CORREDOR PACÍFICO-PROGRAMA DE INTEGRACIÓN VIAL REGIONAL","7074684.49"
"2018","Valle","Comunicaciones y Energía","Carreteras","Cuenta del Desafio del Milenio-Honduras","CORREDOR PACÍFICO-PROGRAMA DE INTEGRACIÓN VIAL REGIONAL","456437180.7"
"2018","Yoro","Comunicaciones y Energía","Carreteras","Cuenta del Desafio del Milenio-Honduras","CORREDOR PACÍFICO-PROGRAMA DE INTEGRACIÓN VIAL REGIONAL","2388893.63"
"2018","Cortés","Comunicaciones y Energía","Carreteras","Cuenta del Desafio del Milenio-Honduras","PROGRAMA DE INTEGRACIÓN VIAL REGIONAL II","330546158.7"
"2018","Francisco Morazán","Comunicaciones y Energía","Carreteras","Cuenta del Desafio del Milenio-Honduras","PROGRAMA DE INTEGRACIÓN VIAL REGIONAL II","5376573.65"
"2018","Francisco Morazán","Comunicaciones y Energía","Carreteras","Alcaldia Municipal del Distrito Central","PROGRAMA DE MITIGACION DE DESASTRES NATURALES EN EL MUNICIPIO DEL DISTRITO CENTRAL","37419884.65"
"2018","Francisco Morazán","Comunicaciones y Energía","Carreteras","Alcaldia Municipal del Distrito Central","PROYECTO DE TRANSPORTE PUBLICO PARA EL DISTRITO CENTRAL (TEGUCIGALPA - COMAYAGUELA)","8944258.5"
"2018","Cortés","Fortalecimiento Institucional","Descentralización","Secretaría de Coordinación General del Gobierno","APOYO A LA GESTIÓN BASADA EN RESULTADOS A NIVEL MUNICIPAL","1449231.82"
"2018","Copán","Fortalecimiento Institucional","Descentralización","Secretaría de Coordinación General del Gobierno","APOYO A LA GESTIÓN BASADA EN RESULTADOS A NIVEL MUNICIPAL","1449231.82"
"2018","Francisco Morazán","Fortalecimiento Institucional","Descentralización","Secretaría de Coordinación General del Gobierno","APOYO A LA GESTIÓN BASADA EN RESULTADOS A NIVEL MUNICIPAL","1089467.32"
"2018","Francisco Morazán","Fortalecimiento Institucional","Descentralización","Secretaría de Coordinación General del Gobierno","ORGANIZACION Y FORTALECIMIENTO DE LA SECRETARÍA DE COORDINACIÓN GENERAL DE GOBIERNO","1255011.56"
"2018","Francisco Morazán","Fortalecimiento Institucional","Descentralización","Secretaría de Coordinación General del Gobierno","PROYECTO DE APOYO A LA DIRECCIÓN PRESIDENCIAL DE TRANSPARENCIA Y MODERNIZACIÓN DEL ESTADO PARA EL CUMPLIMIENTO DE LOS COMPROMISOS ASUMIDOS POR EL GOBIERNO DE HONDURAS EN EL MARCO DEL CONVENIO PARA LA TRANSPARENCIA, EL COMBATE A LA CORRUPCIÓN Y LA INTEGRID","103693.04"
"2018","Francisco Morazán","Fortalecimiento Institucional","Modernización del Estado","Cuenta del Desafio del Milenio-Honduras","ADMINISTRACION DEL PROGRAMA, MONITOREO Y EVALUACION (PROGRAMA UMBRAL)","5870631.56"
"2018","Francisco Morazán","Fortalecimiento Institucional","Modernización del Estado","Cuenta del Desafio del Milenio-Honduras","PROYECTO ASOCIACIONES PUBLICO-PRIVADAS (PROGRAMA UMBRAL)","7996406.1"
"2018","Francisco Morazán","Fortalecimiento Institucional","Modernización del Estado","Cuenta del Desafio del Milenio-Honduras","PROYECTO DE ADMINISTRACION FINANCIERA PUBLICA (PROGRAMA UMBRAL)","84066478.51"
"2018","Valle","Fortalecimiento Institucional","Modernización del Estado","Universidad Pedagógica Nacional Francisco Morazán","PROYECTO CONSTRUCCIÓN Y EQUIPAMIENTO DEL CENTRO UNIVERSITARIO REGIONAL DE NACAOME DE LA UPNFM","11823439"
"2018","Olancho","Promoción y Protección Humana","Educación","Universidad Nacional de Agricultura","PROYECTO INCLUSIÓN SOCIAL A LA EDUCACIÓN SUPERIOR E IMPULSO DE LA PRODUCCIÓN SUSTENTABLE (UNA/PINPROS)","26122909.84"
"2018","Atlántida","Promoción y Protección Humana","Protección Social","Cuenta del Desafio del Milenio-Honduras","CENTROS DE ATENCIÓN INTEGRAL PARA MEJORAR LAS CONDICIONES DE VIDA DE LAS MUJERES HONDURE?AS (CIUDAD MUJER)","54750951.82"
"2018","Cortés","Promoción y Protección Humana","Protección Social","Cuenta del Desafio del Milenio-Honduras","CENTROS DE ATENCIÓN INTEGRAL PARA MEJORAR LAS CONDICIONES DE VIDA DE LAS MUJERES HONDURE?AS (CIUDAD MUJER)","108136829.9"
"2018","Francisco Morazán","Promoción y Protección Humana","Protección Social","Cuenta del Desafio del Milenio-Honduras","CENTROS DE ATENCIÓN INTEGRAL PARA MEJORAR LAS CONDICIONES DE VIDA DE LAS MUJERES HONDURE?AS (CIUDAD MUJER)","9123992.17"
"2018","Cortés","Agroforestal y Turismo","Desarrollo Productivo","Instituto Nacional Agrario","PRODUCCION AGROPECUARIA NACIONAL (PAN)","1666667"
"2018","Santa Bárbara","Agroforestal y Turismo","Desarrollo Productivo","Instituto Nacional Agrario","PRODUCCION AGROPECUARIA NACIONAL (PAN)","2500000"
"2018","Yoro","Agroforestal y Turismo","Desarrollo Productivo","Instituto Nacional Agrario","PRODUCCION AGROPECUARIA NACIONAL (PAN)","833333"
"2018","Francisco Morazán","Agroforestal y Turismo","Desarrollo Productivo","Instituto Nacional Agrario","PROGRAMA TITULACION DE TIERRAS","5000000"
"2018","Choluteca","Comunicaciones y Energía","Carreteras","Secretaría de Infraestructura y Servicios Públicos","CONSTRUCCIÓN DEL BULEVAR CARRETERA PANAMERICANA CHOLUTECA - SALIDA A SAN MARCOS DE COLÓN","79900707.09"
"2018","Comayagua","Comunicaciones y Energía","Carreteras","Secretaría de Infraestructura y Servicios Públicos","PROYECTO CARRETERA VILLA DE SAN ANTONIO - GOASCORAN, SECCION","144608758.5"
"2018","Francisco Morazán","Comunicaciones y Energía","Carreteras","Cuenta del Desafio del Milenio-Honduras","CONSTRUCCION DEL CORREDOR LOGISTICO VILLA DE SAN ANTONIO - GOASCORAN SECCION II Y III","2585753.09"
"2018","La Paz","Comunicaciones y Energía","Carreteras","Cuenta del Desafio del Milenio-Honduras","CONSTRUCCION DEL CORREDOR LOGISTICO VILLA DE SAN ANTONIO - GOASCORAN SECCION II Y III","152331804"
"2018","Valle","Comunicaciones y Energía","Carreteras","Cuenta del Desafio del Milenio-Honduras","CONSTRUCCION DEL CORREDOR LOGISTICO VILLA DE SAN ANTONIO - GOASCORAN SECCION II Y III","389631424.7"
"2018","Santa Bárbara","Comunicaciones y Energía","Carreteras","Secretaría de Infraestructura y Servicios Públicos","CONSTRUCCIÓN Y PAVIMENTACIÓN CON CONCRETO HIDRÁULICO ?SAN NICOLÁS-ATIMA?, ETAPA I TRAMO ?SAN NICOLÁS-SANTA CRUZ?, CON UNA LONGITUD APROXIMADA DE 5 KM., LOCALIZADO EN EL DEPARTAMENTO DE SANTA BÁRBARA.","61560400.49"
"2018","Cortés","Comunicaciones y Energía","Carreteras","Secretaría de Infraestructura y Servicios Públicos","CONSTRUCCION Y RECONSTRUCCION CAMINOS POR MANO DE OBRA EN TODO EL PAIS","1616000"
"2018","Francisco Morazán","Comunicaciones y Energía","Carreteras","Secretaría de Infraestructura y Servicios Públicos","CONSTRUCCION Y RECONSTRUCCION CAMINOS POR MANO DE OBRA EN TODO EL PAIS","19275068.13"
"2018","Atlántida","Comunicaciones y Energía","Carreteras","Secretaría de Infraestructura y Servicios Públicos","CONSTRUCCION Y REHABILITACION DE CARRETERAS.","5994836.93"
"2018","Choluteca","Comunicaciones y Energía","Carreteras","Secretaría de Infraestructura y Servicios Públicos","CONSTRUCCION Y REHABILITACION DE CARRETERAS.","2802658.06"
"2018","Colón","Comunicaciones y Energía","Carreteras","Secretaría de Infraestructura y Servicios Públicos","CONSTRUCCION Y REHABILITACION DE CARRETERAS.","2793425.15"
"2018","Comayagua","Comunicaciones y Energía","Carreteras","Secretaría de Infraestructura y Servicios Públicos","CONSTRUCCION Y REHABILITACION DE CARRETERAS.","5643434.56"
"2018","El Paraíso","Comunicaciones y Energía","Carreteras","Secretaría de Infraestructura y Servicios Públicos","CONSTRUCCION Y REHABILITACION DE CARRETERAS.","14205362.47"
"2018","Francisco Morazán","Comunicaciones y Energía","Carreteras","Secretaría de Infraestructura y Servicios Públicos","CONSTRUCCION Y REHABILITACION DE CARRETERAS.","25843735.48"
"2018","Intibucá","Comunicaciones y Energía","Carreteras","Secretaría de Infraestructura y Servicios Públicos","CONSTRUCCION Y REHABILITACION DE CARRETERAS.","8846617.99"
"2018","La Paz","Comunicaciones y Energía","Carreteras","Secretaría de Infraestructura y Servicios Públicos","CONSTRUCCION Y REHABILITACION DE CARRETERAS.","11672675.04"
"2018","Lempira","Comunicaciones y Energía","Carreteras","Secretaría de Infraestructura y Servicios Públicos","CONSTRUCCION Y REHABILITACION DE CARRETERAS.","18345337.65"
"2018","Ocotepeque","Comunicaciones y Energía","Carreteras","Secretaría de Infraestructura y Servicios Públicos","CONSTRUCCION Y REHABILITACION DE CARRETERAS.","3489199.03"
"2018","Olancho","Comunicaciones y Energía","Carreteras","Secretaría de Infraestructura y Servicios Públicos","CONSTRUCCION Y REHABILITACION DE CARRETERAS.","16790490.3"
"2018","Santa Bárbara","Comunicaciones y Energía","Carreteras","Secretaría de Infraestructura y Servicios Públicos","CONSTRUCCION Y REHABILITACION DE CARRETERAS.","14248625.72"
"2018","Valle","Comunicaciones y Energía","Carreteras","Secretaría de Infraestructura y Servicios Públicos","CONSTRUCCION Y REHABILITACION DE CARRETERAS.","5705302.32"
"2018","Yoro","Comunicaciones y Energía","Carreteras","Secretaría de Infraestructura y Servicios Públicos","CONSTRUCCION Y REHABILITACION DE CARRETERAS.","6608944.56"
"2018","Choluteca","Comunicaciones y Energía","Carreteras","Secretaría de Infraestructura y Servicios Públicos","CONSTRUCCION Y REHABILITACION DE OBRAS DE DRENAJE","8534224.44"
"2018","Lempira","Comunicaciones y Energía","Carreteras","Secretaría de Infraestructura y Servicios Públicos","CONSTRUCCION Y REHABILITACION DE OBRAS DE DRENAJE","6335186.38"
"2018","Choluteca","Comunicaciones y Energía","Carreteras","Secretaría de Infraestructura y Servicios Públicos","CONSTRUCCIÓN, REHABILITACIÓN Y AMPLIACIÓN DE LA CARRETERA CA-5 SUR: TEGUCIGALPA - JÍCARO GALÁN","80062938.63"
"2018","Atlántida","Comunicaciones y Energía","Carreteras","Secretaría de Infraestructura y Servicios Públicos","OBRAS DE CONSTRUCCIÓN DE VIAS URBANAS","16040413.55"
"2018","Choluteca","Comunicaciones y Energía","Carreteras","Secretaría de Infraestructura y Servicios Públicos","OBRAS DE CONSTRUCCIÓN DE VIAS URBANAS","111778126.4"
"2018","Comayagua","Comunicaciones y Energía","Carreteras","Secretaría de Infraestructura y Servicios Públicos","OBRAS DE CONSTRUCCIÓN DE VIAS URBANAS","7667658.19"
"2018","Copán","Comunicaciones y Energía","Carreteras","Secretaría de Infraestructura y Servicios Públicos","OBRAS DE CONSTRUCCIÓN DE VIAS URBANAS","15570877.08"
"2018","Cortés","Comunicaciones y Energía","Carreteras","Secretaría de Infraestructura y Servicios Públicos","OBRAS DE CONSTRUCCIÓN DE VIAS URBANAS","25332675.06"
"2018","El Paraíso","Comunicaciones y Energía","Carreteras","Secretaría de Infraestructura y Servicios Públicos","OBRAS DE CONSTRUCCIÓN DE VIAS URBANAS","7675054.44"
"2018","Francisco Morazán","Comunicaciones y Energía","Carreteras","Secretaría de Infraestructura y Servicios Públicos","OBRAS DE CONSTRUCCIÓN DE VIAS URBANAS","65483633.61"
"2018","Intibucá","Comunicaciones y Energía","Carreteras","Secretaría de Infraestructura y Servicios Públicos","OBRAS DE CONSTRUCCIÓN DE VIAS URBANAS","13140838.1"
"2018","La Paz","Comunicaciones y Energía","Carreteras","Secretaría de Infraestructura y Servicios Públicos","OBRAS DE CONSTRUCCIÓN DE VIAS URBANAS","7765206.48"
"2018","Ocotepeque","Comunicaciones y Energía","Carreteras","Secretaría de Infraestructura y Servicios Públicos","OBRAS DE CONSTRUCCIÓN DE VIAS URBANAS","38334784.6"
"2018","Olancho","Comunicaciones y Energía","Carreteras","Secretaría de Infraestructura y Servicios Públicos","OBRAS DE CONSTRUCCIÓN DE VIAS URBANAS","7773287.56"
"2018","Santa Bárbara","Comunicaciones y Energía","Carreteras","Secretaría de Infraestructura y Servicios Públicos","OBRAS DE CONSTRUCCIÓN DE VIAS URBANAS","23448717.84"
"2018","Valle","Comunicaciones y Energía","Carreteras","Secretaría de Infraestructura y Servicios Públicos","OBRAS DE CONSTRUCCIÓN DE VIAS URBANAS","20909640.95"
"2018","Yoro","Comunicaciones y Energía","Carreteras","Secretaría de Infraestructura y Servicios Públicos","OBRAS DE CONSTRUCCIÓN DE VIAS URBANAS","37921408.74"
"2018","El Paraíso","Comunicaciones y Energía","Carreteras","Secretaría de Infraestructura y Servicios Públicos","PAVIMENTACION CARRETERA LAS CRUCITAS-TEUPASENTI","18535695.84"
"2018","Intibucá","Comunicaciones y Energía","Carreteras","Cuenta del Desafio del Milenio-Honduras","PAVIMENTACION DE LA CARRETERA LA ESPERANZA - CAMASCA","113389048.4"
"2018","Colón","Comunicaciones y Energía","Carreteras","Secretaría de Infraestructura y Servicios Públicos","PUENTE SOBRE EL RÍO SANGRELAYA CON UNA LONGITUD APROXIMADA DE 52 ML, LOCALIZADO EN IRIONA DEPARTAMENTO DE COLÓN.","10931167.63"
"2018","Comayagua","Comunicaciones y Energía","Carreteras","Secretaría de Infraestructura y Servicios Públicos","RECONSTRUCCION Y PAVIMENTACION CARRETERA LA LIBERTAD - LAS L","120930304.2"
"2018","Santa Bárbara","Comunicaciones y Energía","Carreteras","Secretaría de Infraestructura y Servicios Públicos","REHABILITACION DEL TRAMO CARRETERO VIRREY - MACUELIZO - AZACUALPA, CON UNA LONGITUD APROXIMADA DE 10 KM, LOCALIZADO EN EL DEPARTAMENTO DE SANTA BARBARA.","21436969.49"
"2018","Copán","Comunicaciones y Energía","Carreteras","Secretaría de Infraestructura y Servicios Públicos","REHABILITACIÓN VIAL DEL CORREDOR DE OCCIDENTE: LA ENTRADA - COPAN RUINAS - EL FLORIDO Y LA ENTRADA-SANTA ROSA DE COPAN","1533415597"
"2018","Comayagua","Comunicaciones y Energía","Comunicaciones","Empresa Hondure?a de Telecomunicaciones","PROYECTO SERVICIOS CONVERGENTES DE NUEVA GENERACIÓN","457621.17"
"2018","Copán","Comunicaciones y Energía","Comunicaciones","Empresa Hondure?a de Telecomunicaciones","PROYECTO SERVICIOS CONVERGENTES DE NUEVA GENERACIÓN","457621.17"
"2018","Francisco Morazán","Comunicaciones y Energía","Comunicaciones","Empresa Hondure?a de Telecomunicaciones","PROYECTO SERVICIOS CONVERGENTES DE NUEVA GENERACIÓN","29187201.14"
"2018","Intibucá","Comunicaciones y Energía","Comunicaciones","Empresa Hondure?a de Telecomunicaciones","PROYECTO SERVICIOS CONVERGENTES DE NUEVA GENERACIÓN","457621.17"
"2018","La Paz","Comunicaciones y Energía","Comunicaciones","Empresa Hondure?a de Telecomunicaciones","PROYECTO SERVICIOS CONVERGENTES DE NUEVA GENERACIÓN","915242.56"
"2018","Lempira","Comunicaciones y Energía","Comunicaciones","Empresa Hondure?a de Telecomunicaciones","PROYECTO SERVICIOS CONVERGENTES DE NUEVA GENERACIÓN","457621.17"
"2018","Francisco Morazán","Comunicaciones y Energía","Energía","Empresa Nacional de Energía Eléctrica","APOYO A LA INTEGRACION DE HONDURAS EN EL MERCADO REGIONAL (MER)","51869512.89"
"2018","Cortés","Comunicaciones y Energía","Energía","Empresa Nacional de Energía Eléctrica","PROYECTO DE REHABILITACIÓN Y REPOTENCIACIÓN DEL COMPLEJO HIDROELÉCTRICO CA?AVERAL-RÍO LINDO","136041466.8"
"2018","Francisco Morazán","Comunicaciones y Energía","Energía","Empresa Nacional de Energía Eléctrica","PROYECTO DE REHABILITACIÓN Y REPOTENCIACIÓN DEL COMPLEJO HIDROELÉCTRICO CA?AVERAL-RÍO LINDO","1834296.35"
"2018","Olancho","Comunicaciones y Energía","Energía","Empresa Nacional de Energía Eléctrica","PROYECTO HIDROELECTRICO PATUCA III (PIEDRAS AMARIILAS)","1755768371"
"2018","Choluteca","Comunicaciones y Energía","Transporte y Obras Public","Secretaría de Infraestructura y Servicios Públicos","CONSTRUCCIONES, ADICIONES Y MEJORAS DE PARQUES Y LUGARES DE","12031620.88"
"2018","Francisco Morazán","Comunicaciones y Energía","Transporte y Obras Public","Secretaría de Infraestructura y Servicios Públicos","CONSTRUCCIONES, ADICIONES Y MEJORAS DE PARQUES Y LUGARES DE","2144431.13"
"2018","Lempira","Comunicaciones y Energía","Transporte y Obras Public","Secretaría de Infraestructura y Servicios Públicos","CONSTRUCCIONES, ADICIONES Y MEJORAS DE PARQUES Y LUGARES DE","4304517.53"
"2018","Santa Bárbara","Comunicaciones y Energía","Transporte y Obras Public","Secretaría de Infraestructura y Servicios Públicos","CONSTRUCCIONES, ADICIONES Y MEJORAS DE PARQUES Y LUGARES DE","10103800.27"
"2018","Valle","Comunicaciones y Energía","Transporte y Obras Public","Secretaría de Infraestructura y Servicios Públicos","CONSTRUCCIONES, ADICIONES Y MEJORAS DE PARQUES Y LUGARES DE","12238506.49"
"2018","Choluteca","Comunicaciones y Energía","Transporte y Obras Public","Secretaría de Infraestructura y Servicios Públicos","ESTUDIO, DISE?O Y RECONSTRUCCION DE EDIFICIOS PÚBLICOS, CONSIDERADOS PATRIMONIO NACIONAL","1637631.09"
"2018","El Paraíso","Comunicaciones y Energía","Transporte y Obras Public","Secretaría de Infraestructura y Servicios Públicos","ESTUDIO, DISE?O Y RECONSTRUCCION DE EDIFICIOS PÚBLICOS, CONSIDERADOS PATRIMONIO NACIONAL","967627.39"
"2018","Francisco Morazán","Comunicaciones y Energía","Transporte y Obras Public","Secretaría de Infraestructura y Servicios Públicos","ESTUDIO, DISE?O Y RECONSTRUCCION DE EDIFICIOS PÚBLICOS, CONSIDERADOS PATRIMONIO NACIONAL","2913494.76"
"2018","Santa Bárbara","Comunicaciones y Energía","Transporte y Obras Public","Secretaría de Infraestructura y Servicios Públicos","ESTUDIO, DISE?O Y RECONSTRUCCION DE EDIFICIOS PÚBLICOS, CONSIDERADOS PATRIMONIO NACIONAL","1998739.51"
"2018","Lempira","Comunicaciones y Energía","Transporte y Obras Public","Secretaría de Infraestructura y Servicios Públicos","ESTUDIO, DISE?O Y RECONSTRUCCION DE EDIFICIOS PÚBLICOS, CONSIDERADOS PATRIMONIO NACIONAL","3723317.66"
"2018","Valle","Comunicaciones y Energía","Transporte y Obras Public","Secretaría de Infraestructura y Servicios Públicos","ESTUDIO, DISE?O Y RECONSTRUCCION DE EDIFICIOS PÚBLICOS, CONSIDERADOS PATRIMONIO NACIONAL","1200771.52"
"2018","Francisco Morazán","Comunicaciones y Energía","Transporte y Obras Public","Secretaría de Infraestructura y Servicios Públicos","MICROPROYECTOS DE OBRAS VARIAS EN LA CAPITAL (POR ADMINISTRA","25074764"
"2018","Comayagua","Comunicaciones y Energía","Transporte y Obras Public","Secretaría de Infraestructura y Servicios Públicos","OBRAS DE INFRAESTRUCTURA MENOR EN EL PAIS","5766236.54"
"2018","Copán","Comunicaciones y Energía","Transporte y Obras Public","Secretaría de Infraestructura y Servicios Públicos","OBRAS DE INFRAESTRUCTURA MENOR EN EL PAIS","4363743.39"
"2018","Colón","Comunicaciones y Energía","Transporte y Obras Public","Secretaría de Infraestructura y Servicios Públicos","OBRAS DE INFRAESTRUCTURA MENOR EN EL PAIS","4365543.29"
"2018","El Paraíso","Comunicaciones y Energía","Transporte y Obras Public","Secretaría de Infraestructura y Servicios Públicos","OBRAS DE INFRAESTRUCTURA MENOR EN EL PAIS","7901246.53"
"2018","Francisco Morazán","Comunicaciones y Energía","Transporte y Obras Public","Secretaría de Infraestructura y Servicios Públicos","OBRAS DE INFRAESTRUCTURA MENOR EN EL PAIS","12142102.05"
"2018","Intibucá","Comunicaciones y Energía","Transporte y Obras Public","Secretaría de Infraestructura y Servicios Públicos","OBRAS DE INFRAESTRUCTURA MENOR EN EL PAIS","3752753.48"
"2018","La Paz","Comunicaciones y Energía","Transporte y Obras Public","Secretaría de Infraestructura y Servicios Públicos","OBRAS DE INFRAESTRUCTURA MENOR EN EL PAIS","2051638.6"
"2018","Ocotepeque","Comunicaciones y Energía","Transporte y Obras Public","Secretaría de Infraestructura y Servicios Públicos","OBRAS DE INFRAESTRUCTURA MENOR EN EL PAIS","6534877.79"
"2018","Olancho","Comunicaciones y Energía","Transporte y Obras Public","Secretaría de Infraestructura y Servicios Públicos","OBRAS DE INFRAESTRUCTURA MENOR EN EL PAIS","332929.34"
"2018","Santa Bárbara","Comunicaciones y Energía","Transporte y Obras Public","Secretaría de Infraestructura y Servicios Públicos","OBRAS DE INFRAESTRUCTURA MENOR EN EL PAIS","10813397.97"
"2018","Yoro","Comunicaciones y Energía","Transporte y Obras Public","Secretaría de Infraestructura y Servicios Públicos","OBRAS DE INFRAESTRUCTURA MENOR EN EL PAIS","4361020.14"
"2018","Cortés","Comunicaciones y Energía","Transporte y Obras Public","Secretaría de Infraestructura y Servicios Públicos","OBRAS DE PROTECCIÓN CONTRA EROSIÓN Y SEDIMENTOS EN EL PAÍS (POR ADMON.)","16159407.74"
"2018","Atlántida","Agroforestal y Turismo","Recursos Forestal y Ambie","Comisión Permanente de Contingencias","PROYECTO GESTION DE RIESGOS DE DESASTRES","318375.62"
"2018","Cortés","Agroforestal y Turismo","Recursos Forestal y Ambie","Comisión Permanente de Contingencias","PROYECTO GESTION DE RIESGOS DE DESASTRES","21140484.57"
"2018","Francisco Morazán","Agroforestal y Turismo","Recursos Forestal y Ambie","Comisión Permanente de Contingencias","PROYECTO GESTION DE RIESGOS DE DESASTRES","20532232.75"
"2018","Santa Bárbara","Agroforestal y Turismo","Recursos Forestal y Ambie","Comisión Permanente de Contingencias","PROYECTO GESTION DE RIESGOS DE DESASTRES","3316357.12"
"2018","Yoro","Agroforestal y Turismo","Recursos Forestal y Ambie","Comisión Permanente de Contingencias","PROYECTO GESTION DE RIESGOS DE DESASTRES","3222477.01"
"2018","Francisco Morazán","Agroforestal y Turismo","Recursos Forestal y Ambie","Comisión Permanente de Contingencias","PROYECTO PREVENCIÓN Y MITIGACION DEL RIESGO DE DESASTRES NAT","88347.01"
"2018","Santa Bárbara","Agroforestal y Turismo","Recursos Forestal y Ambie","Comisión Permanente de Contingencias","PROYECTO PREVENCIÓN Y MITIGACION DEL RIESGO DE DESASTRES NAT","18672802.32"
"2018","Francisco Morazán","Fortalecimiento Institucional","Modernización del Estado","Instituto Hondureño de Ciencia, Tecnología e Innovación","APOYO AL FORTALECIMIENTO DEL SISTEMA NACIONAL DE CIENCIA, TECNOLOGÍA E INNOVACIÓN DE HONDURAS.","569316.5"
"2018","Yoro","Fortalecimiento Institucional","Modernización del Estado","Instituto Hondureño de Ciencia, Tecnología e Innovación","APOYO AL FORTALECIMIENTO DEL SISTEMA NACIONAL DE CIENCIA, TECNOLOGÍA E INNOVACIÓN DE HONDURAS.","569316.5"
"2018","Cortés","Promoción y Protección Humana","Protección Social","Secretaría de Seguridad","PROGRAMA DE APOYO A LA IMPLEMENTACION DE LA POLITICA INTEGRAL DE CONVIVENCIA Y SEGURIDAD CIUDADANA (FONDOS DE DONACION)","53407362.73"
"2018","Francisco Morazán","Promoción y Protección Humana","Protección Social","Secretaría de Seguridad","PROGRAMA DE APOYO A LA IMPLEMENTACION DE LA POLITICA INTEGRAL DE CONVIVENCIA Y SEGURIDAD CIUDADANA (FONDOS DE DONACION)","51578980.77"
"2018","Francisco Morazán","Fortalecimiento Institucional","Seguridad y Defensa","Fondo Hondureño de Inversión Social","PROGRAMA DE CONVIVENCIA CIUDADANA Y MEJORAMIENTO DE BARRIOS","14959789.44"
"2018","Gracias a Dios","Agroforestal y Turismo","Recursos Forestal y Ambie","Instituto Nacional de Conservación y Desarrollo Forestal","MEDIDA COMPLEMENTARIA AL PROYECTO DE ORDENAMIENTO TERRITORIAL COMUNAL Y PROTECCIÓN DEL MEDIO AMBIENTE EN RÍO PLÁTANO (MC-PROTEP)","18019483.22"
"2018","Francisco Morazán","Fortalecimiento Institucional","Seguridad y Defensa","Secretaría de Defensa","CONSTRUCCIÓN Y EQUIPAMIENTO DEL EDIFICIO ANEXO AL EDIFICIO PEDAGÓGICO DE LA UNIVERSIDAD DE DEFENSA DE HONDURAS","14368019.68"
"2018","Francisco Morazán","Promoción y Protección Humana","Educación","Secretaría de Educación","MEJORA DE LA CALIDAD EDUCATIVA PARA EL DESARROLLO DE HABILIDADES PARA EL EMPLEO: PROYECTO JOVEN","2904368.99"
"2018","Francisco Morazán","Promoción y Protección Humana","Educación","Secretaría de Educación","FORTALECIMIENTO DEL DESARROLLO PROFESIONAL DOCENTE","188251.55"
"2018","Copán","Agroforestal y Turismo","Desarrollo Productivo","Secretaría de Finanzas","PROYECTO DE COMPETITIVIDAD RURAL EN HONDURAS, (COMRURAL)","2810881.61"
"2018","Francisco Morazán","Agroforestal y Turismo","Desarrollo Productivo","Secretaría de Finanzas","PROYECTO DE COMPETITIVIDAD RURAL EN HONDURAS, (COMRURAL)","14161687.15"
"2018","Intibucá","Agroforestal y Turismo","Desarrollo Productivo","Secretaría de Finanzas","PROYECTO DE COMPETITIVIDAD RURAL EN HONDURAS, (COMRURAL)","2772546.68"
"2018","Santa Bárbara","Agroforestal y Turismo","Desarrollo Productivo","Secretaría de Finanzas","PROYECTO DE COMPETITIVIDAD RURAL EN HONDURAS, (COMRURAL)","2730215.73"
"2018","Cortés","Promoción y Protección Humana","Educación","Universidad Nacional Autónoma de Honduras","ADQUISICIÓN E INSTALACIÓN DE EQUIPAMIENTO EN LA UNAH VALLE DE SULA","147114481.2"
"2018","Atlántida","Comunicaciones y Energía","Carreteras","Secretaría de Infraestructura y Servicios Públicos","CONSTRUCCION Y PAVIMENTACION CON CONCRETO HIDRAULICO A 4 CARRILES EN CALLE 8 -LA CEIBA, ATLANTIDA","96514493.98"
"2018","Lempira","Comunicaciones y Energía","Carreteras","Secretaría de Infraestructura y Servicios Públicos","CONSTRUCCION Y PAVIMENTACION CON CONCRETO HIDRAULICO DEL TRANMO CARRETERO VALLADOLID-LA VIRTUD-MAPULACA CON UNA LONGITUD APROXIMADA DE 30 KM LOCALIZADO EN EL DEPARTAMENTO DE LEMPIRA","90969176.05"
"2018","Choluteca","Comunicaciones y Energía","Carreteras","Secretaría de Infraestructura y Servicios Públicos","CONSTRUCCION Y PAVIMENTACION CON DOBLE TRATAMIENTO DEL TRAMO CARRETERO SANTA ANA DE YUSGUARE, DEPARTAMENTO DE CHOLUTECA","86686218.58"
"2018","Francisco Morazán","Comunicaciones y Energía","Carreteras","Secretaría de Infraestructura y Servicios Públicos","ESTUDIO, CONSTRUCCIÓN Y PAVIMENTACION  DE CARRETERA EL PORVENIR - LA PE?A","3655031.46"
"2018","Intibucá","Comunicaciones y Energía","Carreteras","Secretaría de Infraestructura y Servicios Públicos","PAVIMENTACION DE LA CARRETERA LA ESPERANZA - CAMASCA","24039798.89"
"2018","Lempira","Comunicaciones y Energía","Carreteras","Secretaría de Infraestructura y Servicios Públicos","RECONSTRUCCION Y PAVIMENTACION CARRETERA DE LA MANCOMUNIDAD SUR DEL DEPARTAMENTO DE LEMPIRA","9539977.45"
"2018","Olancho","Comunicaciones y Energía","Carreteras","Secretaría de Infraestructura y Servicios Públicos","REHABILITACION DE LA CARRETERA TEGUCIGALPA-CATACAMAS, DEPARTAMENTOS, TRAMOS III, IV Y V RIO DULCE-LIMONES, LIMONES-JUTICALPA Y JUTICALPA-CATACAMAS","38903668.28"
"2018","Olancho","Comunicaciones y Energía","Carreteras","Secretaría de Infraestructura y Servicios Públicos","REHABILITACIÓN DEL BULEVAR LOS POETAS LOCALIZADO EN LA CIUDAD DE JUTICALPA DEPARTAMENTO DE OLANCHO","20772181.56"