"anio","mes","sector","resolucion","expediente","beneficiario","apoderado","tramite"
2018,12,"AgroIndutriales","E2018001395","E2018001395","NAANDANJAIN MEXICO S.A. DE C.V.",0,"IMPUESTO SOBRE LA VENTA"
2018,12,"AgroIndutriales","E2018001588","E2018001588","EDUARDO MIGUEL MARTINEZ COMPAnIA S DE R.L. DE C.V.",0,"IMPUESTO SOBRE LA VENTA"
2018,12,"AgroIndutriales","E2018001638","E2018001638","GRANEL S.A DE CV",0,"IMPUESTO SOBRE LA VENTA"
2018,12,"AgroIndutriales","E2018001727","E2018001727","GRANJA AVICOLA BAHR",0,"IMPUESTO SOBRE LA VENTA"
2018,12,"AgroIndutriales","E2018001846","E2018001846","INVERSIONES MORALES",0,"IMPUESTO SOBRE LA VENTA"
2018,12,"AgroIndutriales","E2018001849","E2018001849","FERRETERIA SANTA FE S. DE R. L. DE C. V.",0,"IMPUESTO SOBRE LA VENTA"
2018,12,"AgroIndutriales","E2018001891","E2018001891","DACSA SOCIEDAD AN?NIMA",0,"IMPUESTO SOBRE LA VENTA"
2018,12,"AgroIndutriales","E2018001906","E2018001906","GRANJA AVICOLA SANTA CLARA",0,"IMPUESTO SOBRE LA VENTA"
2018,12,"AgroIndutriales","E2018001943","E2018001943","AZUCARERA CHUMBAGUA S. A. DE C. V.",0,"IMPUESTO SOBRE LA VENTA"
2018,12,"AgroIndutriales","E2018001998","E2018001998","AGROSMART SOCIEDAD ANONIMA DE CAPITAL VARIABLE",0,"IMPUESTO SOBRE LA VENTA"
2018,12,"AgroIndutriales","E2018002444","E2018002444","COMERCIALIZADORA DE CAFE CUCUYAGUA S DE RL DE CV",0,"IMPUESTO SOBRE LA VENTA"
2018,12,"APP","E2018001584","E2018001584","CONSTRUCTORA C.C. SOCIEDAD ANONIMA DE CAPITAL VARIABLE",0,"IMPUESTO SOBRE LA VENTA"
2018,12,"APP","E2018001595","E2018001595","MDS ESTRUCTURA METAL HONDURAS CCG S.A DE C.V",0,"IMPUESTO SOBRE LA VENTA"
2018,12,"APP","E2018002360","E2018002360","INGENIERIA LOGISTICA HONDURAS S.A. DE C.V. INGLOH S.A. DE C.V.",0,"IMPUESTO SOBRE LA VENTA"
2018,12,"Cooperativas","E2018001352","E2018001352","UNION DE COOPERATIVAS DE SERVICIOS AGROPECUARIOS LIMITADA UNIOCOOP",0,"IMPUESTO SOBRE LA RENTAACNAPORTACION SOLIDARIA"
2018,12,"Cooperativas","E2018001599","E2018001599","COOPERATIVA DE AHORRO Y CR?DITO BECERRA LIMITADA",0,"IMPUESTO SOBRE LA RENTAACNAPORTACION SOLIDARIA"
2018,12,"Energia Renovable","E2018001585","E2018001585","SOCIEDAD HIDROEL?CTRICA OLANCHANA S.A DE C.V SHOL",0,"IMPUESTO SOBRE LA VENTA"
2018,12,"Energia Renovable","E2018001598","E2018001598","ENERGIA RENOVABLE S.A DE C.V.",0,"IMPUESTO SOBRE LA RENTAACNAPORTACION SOLIDARIA"
2018,12,"Energia Renovable","E2018001945","E2018001945","MERENDON POWER PLANT S.A. DE C.V.",0,"IMPUESTO SOBRE LA VENTA"
2018,12,"Energia Renovable","EM2018000001","EM2018000001","COMPAnIA AZUCARERA TRES VALLES S.A DE C.V",0,"IMPUESTO SOBRE LA VENTA"
2018,12,"Energia Renovable","EM2018000008","EM2018000008","MERENDON POWER PLANT S.A. DE C.V.",0,"IMPUESTO SOBRE LA VENTA"
2018,12,"Incentivos al Turismo","E2018001754","E2018001754","SERVICIOS TURISTICOS Y HOTELEROS DE HONDURAS S.A DE C.V",0,"IMPUESTO SOBRE LA RENTAACNAPORTACION SOLIDARIA"
2018,12,"Misiones Diplomaticas","E2018001691","E2018001691","EMBAJADA DE NICARAGUA",0,"IMPUESTO SOBRE LA VENTA"
2018,12,"Misiones Diplomaticas","E2018002251","E2018002251","FUERZA TAREA CONJUNTA BRAVO",0,"APORTE PARA LA ATENCION A PROGRAMAS SOCIALES Y CONSERVACION DEL PATRIMONIO VIAL ACPV"
2018,12,"Misiones Diplomaticas","EM2018000006","EM2018000006","FUERZA TAREA CONJUNTA BRAVO",0,"APORTE PARA LA ATENCION A PROGRAMAS SOCIALES Y CONSERVACION DEL PATRIMONIO VIAL ACPV"
2018,12,"ONG","E2018001348","E2018001348","FUNDACION ETEA PARA EL DESARROLLO Y LA COOPERACION",0,"IMPUESTO SOBRE LA RENTAACNAPORTACION SOLIDARIA"
2018,12,"ONG","E2018001359","E2018001359","FUNDACION COHONDUCAFE",0,"IMPUESTO SOBRE LA RENTA"
2018,12,"ONG","E2018001438","E2018001438","ASOCIACION DE INSTITUCIONES EDUCATIVAS EVANGELICAS DE SANTIDAD ADIEEDS",0,"TASA"
2018,12,"ONG","E2018001439","E2018001439","CONSORCIO DE ORGANIZACIONES PRIVADAS DE DESARROLLO FINSOCIAL",0,"TASA"
2018,12,"ONG","E2018001564","E2018001564","FRATERNIDAD INTERNACIONAL DE HOMBRES DE NEGOCIO DEL EVANGELIO COMPLETO FIHNEC",0,"IMPUESTO SOBRE LA RENTAACNAPORTACION SOLIDARIA"
2018,12,"ONG","E2018001580","E2018001580","FUNDACION PARA EL DESARROLLO EMPRESARIAL RURAL FUNDER",0,"IMPUESTO SOBRE LA RENTAACNAPORTACION SOLIDARIA"
2018,12,"ONG","E2018001605","E2018001605","FUNDACION MARIE",0,"IMPUESTO SOBRE LA RENTAACNAPORTACION SOLIDARIA"
2018,12,"ONG","E2018001661","E2018001661","FUNDACION PARA EL NInO QUEMADO",0,"IMPUESTO SOBRE LA VENTA"
2018,12,"RIT","E2018001356","E2018001356","COMPAnIA HONDUREnA DEL CAFE S. A. DE C. V. COHONDUCAFE",0,"ACTIVO NETO"
2018,12,"RIT","E2018001494","E2018001494","COMPAnIA HONDUREnA DEL CAFE S. A. DE C. V. COHONDUCAFE",0,"IMPUESTO SOBRE LA VENTA"
2018,12,"RIT","E2018002181","E2018002181","FABRICA DE TABACOS DE RAICES CUBANAS S. DE R. L",0,"IMPUESTO SOBRE LA VENTA"
2018,12,"Sector Publico","E2018001615","E2018001615","SECRETARIA DE AGRICULTURA Y GANADERIA SAG",0,"IMPUESTO SOBRE LA VENTA"
2018,12,"Zolitur","E2018001346","E2018001346","COMPAnIA DE FOMENTO BARBARETA S.A.",0,"IMPUESTO SOBRE LA RENTA"
2018,12,"Zolitur","E2018001464","E2018001464","INVERSIONES M&M S.A.",0,"IMPUESTO SOBRE LA RENTAACNAPORTACION SOLIDARIA"
2018,12,"Zolitur","E2018001465","E2018001465","BAY ISLAND ELECTRIC SUPLY Y PLAZA MAR",0,"IMPUESTO SOBRE LA RENTAACNAPORTACION SOLIDARIA"
2018,12,"Zolitur","E2018001990","E2018001990","ROATAN ISLAND DREAM ENTERPRISES S.A",0,"IMPUESTO SOBRE LA RENTAACNAPORTACION SOLIDARIA"
2018,11,"AgroIndutriales","E2018001250","E2018001250","L?CTEOS DE HONDURAS S.A DE C.V.",0,"IMPUESTO SOBRE LA VENTA"
2018,11,"AgroIndutriales","E2018001289","E2018001289","DLEITE Y ETIQUETA SOCIEDAD DE RESPONSABILIDAD LIMITADA DE CAPITAL VARIABLE",0,"IMPUESTO SOBRE LA VENTA"
2018,11,"Cooperativas","E2018001082","E2018001082","COOPERATIVA MIXTA NAZARENOS LIMITADA",0,"IMPUESTO SOBRE LA RENTAACNAPORTACION SOLIDARIA"
2018,11,"Cooperativas","E2018001230","E2018001230","COOPERATIVA MIXTA MUJERES EN ACCION LIMITADA COMIXMAL",0,"IMPUESTO SOBRE LA RENTAACNAPORTACION SOLIDARIA"
2018,11,"Energia Renovable","E2018001266","PROMOTORA DE GENERACION DE ENERGIA LIMPIA S.A",0,0,"RETENCION EN LA FUENTE"
2018,11,"ONG","E2018001069","E2018001069","HONDURAS EDUCATIONAL DEVELOPMENT ASSISTANCE CORP. NFP. PARA EL DESARROLLO Y LA EDUCACION CORPORATIVA EN HONDURAS",0,"IMPUESTO SOBRE LA VENTA"
2018,11,"ONG","E2018001089","E2018001089","FUNDACION ZAMORA TERAN",0,"IMPUESTO SOBRE LA RENTAACNAPORTACION SOLIDARIA"
2018,11,"ONG","E2018001118","E2018001118","ASOCIACION DE FABRICANTES DE PRODUCTOS FARMAC?UTICOS DE HONDURAS",0,"IMPUESTO SOBRE LA RENTA"
2018,11,"ONG","E2018001134","E2018001134","ASOCIACION DE INSTITUCIONES EDUCATIVAS EVANGELICAS DE SANTIDAD ADIEEDS",0,"IMPUESTO SOBRE LA RENTAACNAPORTACION SOLIDARIA"
2018,11,"ONG","E2018001187","E2018001187","ASOCIACION HOGAR CREA INTERNACIONAL INCORPORADO CAPITULO HONDURAS",0,"IMPUESTO SOBRE LA RENTA"
2018,11,"ONG","E2018001259","E2018001259","ASOCIACION  DE GANADEROS Y AGRICULTORES SULA AGAS",0,"IMPUESTO SOBRE LA RENTA"
2018,11,"Organismos Internacionales","E2018001306","E2018001306","FINTRAC INC",0,"IMPUESTO SOBRE LA RENTAACNAPORTACION SOLIDARIA"
2018,11,"RIT","E2018001309","E2018001309","BIOCULTIVOS MARINOS S.A",0,"APORTE PARA LA ATENCION A PROGRAMAS SOCIALES Y CONSERVACION DEL PATRIMONIO VIAL ACPV"
2018,11,"RIT","E2018001310","E2018001310","BIOCULTIVOS MARINOS S.A",0,"ACNAPORTACION SOLIDARIA"
2018,11,"RIT","E2018001311","E2018001311","BIOCULTIVOS MARINOS S.A",0,"IMPUESTO SOBRE LA VENTA"
2018,11,"RIT","E2018001312","E2018001312","AQUACULTURA FONSECA S.A",0,"ACPV"
2018,11,"RIT","E2018001313","E2018001313","AQUACULTURA FONSECA S.A",0,"ACNAPORTACION SOLIDARIA"
2018,11,"RIT","E2018001314","E2018001314","AQUACULTURA FONSECA S.A",0,"IMPUESTO SOBRE LA VENTA"
2018,11,"RIT","E2018001315","E2018001315","LARVICULTURA DEL PACIFICO",0,"APORTE PARA LA ATENCION A PROGRAMAS SOCIALES Y CONSERVACION DEL PATRIMONIO VIAL ACPV"
2018,11,"RIT","E2018001316","E2018001316","LARVICULTURA DEL PACIFICO",0,"ACNAPORTACION SOLIDARIA"
2018,11,"RIT","E2018001317","E2018001317","LARVICULTURA DEL PACIFICO",0,"IMPUESTO SOBRE LA VENTA"
2018,11,"RIT","E2018001325","E2018001325","INVERSIONES DE EXPORTACIONES S.A",0,"ACNAPORTACION SOLIDARIA"
2018,11,"RIT","E2018001328","E2018001328","PRODUCTOS ACUICOLAS LA BERBERIA S.A",0,"ACNAPORTACION SOLIDARIA"
2018,11,"RIT","E2018001331","E2018001331","PRODUCTOS ACUICOLAS LA BERBERIA S.A",0,"IMPUESTO SOBRE LA VENTA"
2018,11,"Zolitur","E2018001091","E2018001091","MC TOURS ROATAN S.A",0,"IMPUESTO SOBRE LA RENTA"
2018,11,"Zolt","E2018001046","E2018001046","PIZZA PIZZA DE HONDURAS S.A. DE C.V.",0,"IMPUESTO SOBRE LA RENTAACNAPORTACION SOLIDARIA"
2018,11,"Zolt","E2018001047","E2018001047","POLLO CAMPERO DE HONDURAS S. A. DE C. V.",0,"IMPUESTO SOBRE LA RENTAACNAPORTACION SOLIDARIA"
2018,11,"Zonas Libres","E2018001015","E2018001015","PRIDE YARN S. DE R.L.",0,"IMPUESTO SOBRE LA RENTAACNAPORTACION SOLIDARIA"
2018,11,"Zonas Libres","E2018001016","E2018001016","CORPORACION  MAR?TIMA S.A. DE  C.V.",0,"IMPUESTO SOBRE LA RENTAACNAPORTACION SOLIDARIA"
2018,11,"Zonas Libres","E2018001026","E2018001026","INDUSTRIAS  TEXTIL  HONDURAS  COREA S. DE R.L.",0,"IMPUESTO SOBRE LA RENTAACNAPORTACION SOLIDARIA"
2018,11,"Zonas Libres","E2018001039","E2018001039","COMPAnIA AGRICOLA INDUSTRIAL CEIBE?A S.A. DE C.V.",0,"IMPUESTO SOBRE LA RENTAACNAPORTACION SOLIDARIA"
2018,11,"Zonas Libres","E2018001044","E2018001044","ZABCORD S.A DE C.V.",0,"IMPUESTO SOBRE LA RENTAACNAPORTACION SOLIDARIA"
2018,11,"Zonas Libres","E2018001071","E2018001071","LEVANTER S.A. DE C.V.",0,"IMPUESTO SOBRE LA VENTA"
2018,11,"Zonas Libres","E2018001104","E2018001104","ZONA LIBRE DE SULA S.A.",0,"IMPUESTO SOBRE LA RENTAACNAPORTACION SOLIDARIA"
2018,11,"Zonas Libres","E2018001105","E2018001105","PLADE S.A DE C.V.",0,"IMPUESTO SOBRE LA RENTAACNAPORTACION SOLIDARIA"
2018,11,"Zonas Libres","E2018001302","E2018001302","ALORICA HONDURAS SOCIEDAD AN?NIMA",0,"IMPUESTO SOBRE LA RENTAACNAPORTACION SOLIDARIA"
2018,11,"Zonas Libres","E2018001304","E2018001304","PARKDALE MILLS DE HONDURAS",0,"IMPUESTO SOBRE LA RENTAACNAPORTACION SOLIDARIA"
2018,11,"Zonas Libres","E2018001307","E2018001307","DELI HONDURAS S.A",0,"APORTE PARA LA ATENCION A PROGRAMAS SOCIALES Y CONSERVACION DEL PATRIMONIO VIAL ACPV"
2018,11,"Zonas Libres","E2018001308","E2018001308","DELI HONDURAS S.A",0,"IMPUESTO SOBRE LA VENTA"
2018,11,"Zonas Libres","E2018001318","E2018001318","CARIBBEAN APPETIZERS",0,"IMPUESTO SOBRE LA RENTAACNAPORTACION SOLIDARIA"
2018,11,"Zonas Libres","E2018001320","E2018001320","CARIBBEAN APPETIZERS",0,"APORTE PARA LA ATENCION A PROGRAMAS SOCIALES Y CONSERVACION DEL PATRIMONIO VIAL ACPV"
2018,11,"Zonas Libres","E2018001323","E2018001323","CARIBBEAN APPETIZERS",0,"IMPUESTO SOBRE LA VENTA"
2018,11,"Zonas Libres","E2018001338","E2018001338","ENERGIA Y VAPOR SA DE C.V.",0,"IMPUESTO SOBRE LA VENTA"
2018,10,"AgroIndutriales","E2018000779","E2018000779","EXPORIENTE S.A DE C.V",0,"IMPUESTO SOBRE LA VENTA"
2018,10,"Contructoras","E2018000907","E2018000907","CONSORCIO COP?N",0,"APORTE PARA LA ATENCION A PROGRAMAS SOCIALES Y CONSERVACION DEL PATRIMONIO VIAL ACPV"
2018,10,"Cooperativas","E2018000776","E2018000776","CONFEDERACION HONDUREnA DE COOPERATIVAS LIMITADAS",0,"IMPUESTO SOBRE LA RENTAACNAPORTACION SOLIDARIA"
2018,10,"Cooperativas","E2018000788","E2018000788","COOPERATIVA MIXTA DE EMPLEADOS DE LA EMBOTELLADORA DE SULA LIMITADA",0,"IMPUESTO SOBRE LA RENTAACNAPORTACION SOLIDARIA"
2018,10,"Cooperativas","E2018000861","E2018000861","COOPERATIVA DE AHORRO Y CREDITO GUANAJA LIMITADA",0,"IMPUESTO SOBRE LA RENTAACNAPORTACION SOLIDARIA"
2018,10,"Energia Renovable","E2018000772","E2018000772","EMPRESA GENERADORA EL RETO S.A.",0,"IMPUESTO SOBRE LA RENTAACNAPORTACION SOLIDARIA"
2018,10,"Energia Renovable","E2018000856","E2018000856","COMPANIA HONDURENA DE ENERGIA SOLAR S.A. DE C.V.",0,"IMPUESTO SOBRE LA RENTAACNAPORTACION SOLIDARIA"
2018,10,"Energia Renovable","E2018000857","E2018000857","GENERACION DE ENERGIA RENOVABLE S.A.",0,"IMPUESTO SOBRE LA RENTAACNAPORTACION SOLIDARIA"
2018,10,"Energia Renovable","E2018000860","E2018000860","COMPAnIA HONDUREnA DE ENERGIA RENOVABLE S.A. DE C.V.",0,"IMPUESTO SOBRE LA RENTAACNAPORTACION SOLIDARIA"
2018,10,"Energia Renovable","E2018000880","E2018000880","SOLAR POWER S.A DE C.V",0,"IMPUESTO SOBRE LA RENTAACNAPORTACION SOLIDARIA"
2018,10,"Incentivos al Turismo","E2018000798","E2018000798","DIAMOND LIFE S.A.",0,"IMPUESTO SOBRE LA RENTAACNAPORTACION SOLIDARIA"
2018,10,"Misiones Diplomaticas","E2018000924","E2018000924","EMBAJADA AMERICANA",0,"IMPUESTO SOBRE LA VENTA"
2018,10,"ONG","E2018000781","E2018000781","RAINFOREST ALLIANCE INC.",0,"IMPUESTO SOBRE LA RENTAACNAPORTACION SOLIDARIA"
2018,10,"ONG","E2018000807","E2018000807","ASOCIACION DE INTERCAMBIO INTERNACIONAL CULTURAL DE J?VENES INTERNATIONAL CULTURAL YOUTH EXCHANGE I.C.Y.E HONDURAS",0,"IMPUESTO SOBRE LA RENTAACNAPORTACION SOLIDARIA"
2018,10,"ONG","E2018000987","E2018000987","FUNDACION CRAIG DOUGLAS VINELLI",0,"IMPUESTO SOBRE LA RENTAACNAPORTACION SOLIDARIA"
2018,10,"ONG","E2018001012","E2018001012","FUNDACION IRIS ULARGUI BECAS PARA LA JUVENTUD HONDUREnA",0,"IMPUESTO SOBRE LA RENTAACNAPORTACION SOLIDARIA"
2018,10,"Sector Publico","E2018000630","E2018000630","UNIDAD ADMINISTRADORA DE PROYECTOS UAP-SEFIN",0,"IMPUESTO SOBRE LA VENTA"
2018,10,"Zolitur","E2018000814","E2018000814","MARTINEZ CONSTRUCTION S.A  DE CV.",0,"IMPUESTO SOBRE LA RENTAACNAPORTACION SOLIDARIA"
2018,10,"Zolitur","E2018000887","E2018000887","ISLANDER FISHERIES S.A. DE C.V.",0,"IMPUESTO SOBRE LA RENTAACNAPORTACION SOLIDARIA"
2018,10,"Zolitur","E2018000888","E2018000888","CARIBE?A S. DE R.L. DE C.V.",0,"IMPUESTO SOBRE LA RENTAACNAPORTACION SOLIDARIA"
2018,10,"Zonas Libres","E2018000778","E2018000778","PALMAS CENTROAMERICANAS S.A DE C.V",0,"IMPUESTO SOBRE LA RENTAACNAPORTACION SOLIDARIA"
2018,10,"Zonas Libres","E2018000885","E2018000885","ZONA INDUSTRIAL DE EXPORTACION CHOLOMA S.A",0,"IMPUESTO SOBRE LA RENTAACNAPORTACION SOLIDARIA"
2018,10,"Zonas Libres","E2018000886","E2018000886","ELASTICOS CENTROAMERICANOS Y TEXTILES S.A. DE C.V.",0,"IMPUESTO SOBRE LA RENTAACNAPORTACION SOLIDARIA"
2018,10,"Zonas Libres","E2018000902","E2018000902","UNISOURCE S.A DE C.V",0,"IMPUESTO SOBRE LA RENTAACNAPORTACION SOLIDARIA"
2018,10,"Zonas Libres","E2018000910","E2018000910","HONDURAS USED CLOTHING S. A. DE C. V.",0,"IMPUESTO SOBRE LA RENTAACNAPORTACION SOLIDARIA"
2018,10,"Zonas Libres","E2018000913","E2018000913","INVERSIONES  MULTIPLES PREMIER CLEANING S.A. DE C.V.",0,"IMPUESTO SOBRE LA RENTAACNAPORTACION SOLIDARIA"
2018,10,"Zonas Libres","E2018000915","E2018000915","PLASTICOS DE HONDURASS.A DE C.V",0,"IMPUESTO SOBRE LA RENTAACNAPORTACION SOLIDARIA"
2018,10,"Zonas Libres","E2018000916","E2018000916","ZONA LIBRE HONDURAS S. A. DE C. V.",0,"IMPUESTO SOBRE LA RENTAACNAPORTACION SOLIDARIA"
2018,10,"Zonas Libres","E2018000917","E2018000917","PLASTIFORM DE HONDURAS S. DE R.L.",0,"IMPUESTO SOBRE LA RENTAACNAPORTACION SOLIDARIA"
2018,10,"Zonas Libres","E2018000919","E2018000919","CONFECCIONES DOS CAMINOS S. DE R.L. DE C.V.",0,"IMPUESTO SOBRE LA RENTAACNAPORTACION SOLIDARIA"
2018,10,"Zonas Libres","E2018000920","E2018000920","VFI DE HONDURAS S.A.",0,"IMPUESTO SOBRE LA RENTAACNAPORTACION SOLIDARIA"
2018,10,"Zonas Libres","E2018000926","E2018000926","JERZEES NUEVO DIA S. DE R.L.",0,"IMPUESTO SOBRE LA RENTAACNAPORTACION SOLIDARIA"
2018,10,"Zonas Libres","E2018000927","E2018000927","MANUFACTURAS VILLANUEVA S. DE R.L. DE C.V.",0,"IMPUESTO SOBRE LA RENTAACNAPORTACION SOLIDARIA"
2018,10,"Zonas Libres","E2018000929","E2018000929","COTTONWISE TEXTILESHONDURAS S.A.",0,"IMPUESTO SOBRE LA RENTAACNAPORTACION SOLIDARIA"
2018,10,"Zonas Libres","E2018000931","E2018000931","ADMINISTRACION DE CALL CENTERS S.A. DE C.V.",0,"IMPUESTO SOBRE LA RENTAACNAPORTACION SOLIDARIA"
2018,10,"Zonas Libres","E2018000940","E2018000940","CONFECCIONES MONZINI S.A. DE C.F.",0,"IMPUESTO SOBRE LA RENTAACNAPORTACION SOLIDARIA"
2018,10,"Zonas Libres","E2018000966","E2018000966","ROMAN KNITS HONDURAS S.A. DE C.V.",0,"IMPUESTO SOBRE LA RENTAACNAPORTACION SOLIDARIA"
2018,10,"Zonas Libres","E2018000967","E2018000967","KM2 SOLUTIONS S.A. DE C.V.",0,"IMPUESTO SOBRE LA RENTAACNAPORTACION SOLIDARIA"
2018,10,"Zonas Libres","E2018000968","E2018000968","ST. ANDREWS S.A. DE C.V.",0,"IMPUESTO SOBRE LA RENTAACNAPORTACION SOLIDARIA"
2018,10,"Zonas Libres","E2018000969","E2018000969","INVEPLAST S. DE R.L. DE C.V.",0,"IMPUESTO SOBRE LA RENTAACNAPORTACION SOLIDARIA"
2018,10,"Zonas Libres","E2018000972","E2018000972","ASOCIACION AGROINDUSTRIAL DE PALMICULTORES DE SABA S.A. DE C.V.",0,"IMPUESTO SOBRE LA RENTAACNAPORTACION SOLIDARIA"
2018,10,"Zonas Libres","E2018000973","E2018000973","EMPRESA DE MATERIALES TEXTILES S. DE R.L.",0,"IMPUESTO SOBRE LA RENTAACNAPORTACION SOLIDARIA"
2018,10,"Zonas Libres","E2018000976","E2018000976","ZERO VARIANCE QUALITY ANALYTICS S. DE R.L. DE C.V.",0,"IMPUESTO SOBRE LA RENTAACNAPORTACION SOLIDARIA"
2018,10,"Zonas Libres","E2018000989","E2018000989","SIMTEX INTERNATIONAL S DE R.L DE C.V",0,"IMPUESTO SOBRE LA RENTAACNAPORTACION SOLIDARIA"
2018,10,"Zonas Libres","E2018000990","E2018000990","INVERSIONES MATERIALES S. DE R.L. DE C.V.",0,"IMPUESTO SOBRE LA RENTAACNAPORTACION SOLIDARIA"
2018,10,"Zonas Libres","E2018000992","E2018000992","NAZDAR CENTRAL AMERICA S. A. DE C. V.",0,"IMPUESTO SOBRE LA RENTAACNAPORTACION SOLIDARIA"
2018,10,"Zonas Libres","E2018000994","E2018000994","PRODUCTOS VARIOS S.A. DE C.V.",0,"IMPUESTO SOBRE LA RENTAACNAPORTACION SOLIDARIA"
2018,9,"AgroIndutriales","E2018000675","E2018000675","MAQUINARIA AGRICOLA INDUSTRIAL S.A DE C.V",0,"IMPUESTO SOBRE LA VENTA"
2018,9,"Contructoras","E2018000711","E2018000711","CONSTRUCTORA QUEIROZ GALVAO S/A",0,"IMPUESTO SOBRE LA RENTAACNAPORTACION SOLIDARIA"
2018,9,"Cooperativas","E2018000662","E2018000662","COOPERATIVA DE AHORRO Y CR?DITO TALANGA LIMITADA",0,"IMPUESTO SOBRE LA RENTAACNAPORTACION SOLIDARIA"
2018,9,"Cooperativas","E2018000667","E2018000667","COOPERATIVA  DE PRODUCCION AGROPECUARIA  EL ESFUERZO LA COMPUERTA LIMITADA CAECOL",0,"IMPUESTO SOBRE LA RENTAACNAPORTACION SOLIDARIA"
2018,9,"Cooperativas","E2018000668","E2018000668","COOPERATIVA MIXTA DE MARINOS PROFECIONALES COMPAnIA IBERICA HONDUREnA LIMITADA MARPROCIH",0,"IMPUESTO SOBRE LA RENTAACNAPORTACION SOLIDARIA"
2018,9,"Energia Renovable","E2018000713","E2018000713","ENERG?A B?SICA S.A. DE C.V.",0,"IMPUESTO SOBRE LA RENTAACNAPORTACION SOLIDARIA"
2018,9,"Energia Renovable","E2018000748","E2018000748","VIENTOS DE SAN MARCOS S. A. DE C.V.",0,"IMPUESTO SOBRE LA VENTA"
2018,9,"Incentivos al Turismo","E2018000627","E2018000627","NUEVA SOCIEDAD HOTELERA S.A. DE C.V.",0,"IMPUESTO SOBRE LA RENTAACNAPORTACION SOLIDARIA"
2018,9,"ONG","E2018000604","E2018000604","FUNDACION NACIONAL PARA EL DESARROLLO DE HONDURAS FUNADEH",0,"IMPUESTO SOBRE LA RENTAACNAPORTACION SOLIDARIA"
2018,9,"ONG","E2018000610","E2018000610","ASOCIACION DE TRABAJADORES DE CADECA Y AFILIADAS ASTIC",0,"IMPUESTO SOBRE LA RENTA"
2018,9,"ONG","E2018000619","E2018000619","FUNDACION CERVECERIA HONDUREnA PARA EL AMBIENTE",0,"IMPUESTO SOBRE LA RENTA"
2018,9,"ONG","E2018000628","E2018000628","COLEGIO DE CIRUJANOS DENTISTAS  DE HONDURAS",0,"IMPUESTO SOBRE LA RENTAACNAPORTACION SOLIDARIA"
2018,9,"ONG","E2018000636","E2018000636","ASOCIACION DE GANADEROS Y AGRICULTORES DE COPAN AGAC",0,"IMPUESTO SOBRE LA RENTAACNAPORTACION SOLIDARIA"
2018,9,"ONG","E2018000755","E2018000755","FUNDACION PARA LA EDUCACION RICARDO ERNESTO MADURO ANDREU FEREMA",0,"IMPUESTO SOBRE LA RENTAACNAPORTACION SOLIDARIA"
2018,9,"RIT","E2018000567","E2018000567","AGRICOLA TORNABE S.A. DE C.V.",0,"IMPUESTO SOBRE LA VENTA"
2018,9,"RIT","E2018000568","E2018000568","PRODUCTORA DE ALIMENTOS S.A. DE C.V.",0,"IMPUESTO SOBRE LA VENTA"
2018,9,"RIT","E2018000609","E2018000609","ALIMENTOS MARAVILLA DE HONDURAS S.A. DE C.V.",0,"APORTACION SOLIDARIA"
2018,9,"RIT","E2018000714","E2018000714","INDUSTRIA HONDUREnA DEL CALZADO Y SERVICIOS AFINES SOCIEDAD DE RELACIONES LIMITADAS DE CAPITAL VARIADO.",0,"APORTACION SOLIDARIA"
2018,9,"RIT","E2018000728","E2018000728","EXPORTADORA SUAZO ALCERRO S. DE R. L.",0,"IMPUESTO SOBRE LA VENTA"
2018,9,"RIT","E2018000729","E2018000729","AGRO INDUSTRIAS EL SIFON S DE R. L.",0,"IMPUESTO SOBRE LA VENTA"
2018,9,"Sector Publico","E2018000630","E2018000630","UNIDAD ADMINISTRADORA DE PROYECTOS UAP-SEFIN",0,"IMPUESTO SOBRE LA VENTA"
2018,9,"Zolitur","E2018000663","E2018000663","HOLLAND EXECUTIVE INN S. DE R.L",0,"IMPUESTO SOBRE LA RENTAACNAPORTACION SOLIDARIA"
2018,9,"Zonas Libres","E2018000551","E2018000551","PRODUCTOS TEXTILES S.A DE C.V.",0,"IMPUESTO SOBRE LA RENTAACNAPORTACION SOLIDARIA"
2018,9,"Zonas Libres","E2018000553","E2018000553","FINE SHIRTS S.A. DE C.V.",0,"IMPUESTO SOBRE LA RENTAACNAPORTACION SOLIDARIA"
2018,9,"Zonas Libres","E2018000555","E2018000555","NOVACHEM S DE RL DE CV",0,"IMPUESTO SOBRE LA RENTAACNAPORTACION SOLIDARIA"
2018,9,"Zonas Libres","E2018000560","E2018000560","RUDOLF VENTURE QUIMICOS S.A.",0,"IMPUESTO SOBRE LA RENTAACNAPORTACION SOLIDARIA"
2018,9,"Zonas Libres","E2018000561","E2018000561","MANUFACTURA TEGU S.A . DE C.V.",0,"IMPUESTO SOBRE LA RENTAACNAPORTACION SOLIDARIA"
2018,9,"Zonas Libres","E2018000562","E2018000562","EL PORVENIR MANUFACTURING S. DE R.L. DE C.V.",0,"IMPUESTO SOBRE LA RENTAACNAPORTACION SOLIDARIA"
2018,9,"Zonas Libres","E2018000625","E2018000625","UNITED TEXTILE OF AMERICA S DE R.L DE C.V.",0,"IMPUESTO SOBRE LA RENTAACNAPORTACION SOLIDARIA"
2018,9,"Zonas Libres","E2018000634","E2018000634","S.J. MARIOL S.A. DE C.V.",0,"IMPUESTO SOBRE LA RENTAACNAPORTACION SOLIDARIA"
2018,9,"Zonas Libres","E2018000670","E2018000670","ZONA INDUSTRIAL PARA EXPORTACION Y ZONA LIBRE CALPULES S. A.",0,"IMPUESTO SOBRE LA RENTAACNAPORTACION SOLIDARIA"
2018,9,"Zonas Libres","E2018000676","E2018000676","IIA TECNOLOGIAS ESPECIALIZADAS S.A. DE C.V.",0,"IMPUESTO SOBRE LA RENTAACNAPORTACION SOLIDARIA"
2018,9,"Zonas Libres","E2018000678","E2018000678","ZONA LIBRE GREEN VALLEY INDUSTRIAL PARK",0,"IMPUESTO SOBRE LA RENTAACNAPORTACION SOLIDARIA"
2018,9,"Zonas Libres","E2018000685","E2018000685","PRIDE MANUFACTURING SOCIEDAD DE RESPONSABILIDAD LIMITADA",0,"IMPUESTO SOBRE LA RENTAACNAPORTACION SOLIDARIA"
2018,9,"Zonas Libres","E2018000689","E2018000689","PRIDE CHEMICALS S DE R.L DE C.V",0,"IMPUESTO SOBRE LA RENTAACNAPORTACION SOLIDARIA"
2018,9,"Zonas Libres","E2018000699","E2018000699","PARK ENERGY S.A. DE C.V.",0,"IMPUESTO SOBRE LA RENTAACNAPORTACION SOLIDARIA"
2018,9,"Zonas Libres","E2018000700","E2018000700","ZONA LIBRE PRIDE S.A DE C.V",0,"IMPUESTO SOBRE LA RENTAACNAPORTACION SOLIDARIA"
2018,9,"Zonas Libres","E2018000708","E2018000708","GRUPO KARIMS S.A",0,"IMPUESTO SOBRE LA RENTAACNAPORTACION SOLIDARIA"
2018,9,"Zonas Libres","E2018000712","E2018000712","INVERSIONES MALDONADO PE?A S.A.",0,"IMPUESTO SOBRE LA RENTAACNAPORTACION SOLIDARIA"
2018,9,"Zonas Libres","E2018000718","E2018000718","COATS HONDURAS S.A.",0,"IMPUESTO SOBRE LA RENTAACNAPORTACION SOLIDARIA"
2018,9,"Zonas Libres","E2018000720","E2018000720","RECUPERADORA DE CARTON S.A. DE C.V.",0,"IMPUESTO SOBRE LA RENTAACNAPORTACION SOLIDARIA"
2018,9,"Zonas Libres","E2018000725","E2018000725","ZONA LIBRE AMERICA S.A DE C.V",0,"IMPUESTO SOBRE LA RENTAACNAPORTACION SOLIDARIA"
2018,9,"Zonas Libres","E2018000766","E2018000766","FOUR SEASONS APPAREL HONDURAS",0,"IMPUESTO SOBRE LA RENTAACNAPORTACION SOLIDARIA"
2018,8,"AgroIndutriales","E2018000374","E2018000374","AGROINDUSTRIA SANTA FE S.A DE C.V.",0,"IMPUESTO SOBRE LA VENTA"
2018,8,"AgroIndutriales","E2018000379","E2018000379","GRANEROS SAN MIGUEL",0,"IMPUESTO SOBRE LA VENTA"
2018,8,"AgroIndutriales","E2018000490","E2018000490","ALIMENTO S. DE R. L.",0,"IMPUESTO SOBRE LA VENTA"
2018,8,"Energia Renovable","E2018000359","E2018000359","HIDROELECTRICA OMOA S.A DE C.V",0,"IMPUESTO SOBRE LA RENTAACNAPORTACION SOLIDARIA"
2018,8,"Iglesias","E2018000535","E2018000535","MINISTERIOS SION",0,"IMPUESTO SOBRE LA RENTA"
2018,8,"ONG","E2018000408","E2018000408","ASOCIACION HONDUREnA PARA EL FOMENTO DE LA EDUCACION SUPERIOR",0,"IMPUESTO SOBRE LA RENTAACNAPORTACION SOLIDARIA"
2018,8,"RIT","E2018000506","E2018000506","INDUSTRIA ACEITERA S.A. DE C.V. INDASA",0,"IMPUESTO SOBRE LA VENTA"
2018,8,"RIT","E2018000381","E2018000381","OLAM HONDURAS SA DE CV",0,"ACTIVO NETO"
2018,8,"RIT","E2018000395","E2018000395","HAVANO CIGARS S.A.",0,"IMPUESTO SOBRE LA VENTA"
2018,8,"RIT","E2018000396","E2018000396","COMPAnIA AGRICOLA BARRANCO S.A. DE C.V.",0,"ACTIVO NETO"
2018,8,"RIT","E2018000419","E2018000419","CARTONERA NACIONAL S. A.",0,"ACTIVO NETO"
2018,8,"RIT","E2018000461","E2018000461","LOUIS DREYFUS COMPANY HONDURAS S. DE R.L. DE C.V.",0,"ACTIVO NETO"
2018,8,"Sector Publico","E2018000475","E2018000475","PODER JUDICIAL",0,"IMPUESTO SOBRE LA VENTA"
2018,8,"Sector Publico","E2018000491","E2018000491","UNIDAD ADMINISTRADORA DE PROYECTOS UAP-SEFIN",0,"IMPUESTO SOBRE LA VENTA"
2018,8,"Zolitur","E2018000425","E2018000425","BONACCO ELECTRIC CO. S.A DE C.V.",0,"IMPUESTO SOBRE LA VENTA"
2018,8,"Zonas Libres","E2018000432","E2018000432","BUFALO INDUSTRIAL",0,"IMPUESTO SOBRE LA VENTA"
2018,8,"Zonas Libres","E2018000528","E2018000528","EXPORTADORA DEL ATLANTICO S.A. DE C. V.",0,"IMPUESTO SOBRE LA VENTA"
2018,8,"Zonas Libres","E2018000361","E2018000361","GILDAN ACTIVEWEAR HONDURAS TEXTILE COMPANY S. DE R.L.",0,"IMPUESTO SOBRE LA RENTAACNAPORTACION SOLIDARIA"
2018,8,"Zonas Libres","E2018000362","E2018000362","GILDAN MAYAN TEXTILES S. DE R.L.",0,"IMPUESTO SOBRE LA RENTAACNAPORTACION SOLIDARIA"
2018,8,"Zonas Libres","E2018000363","E2018000363","GILDAN HOSIERY RIO NANCE S. DE R.L.",0,"IMPUESTO SOBRE LA RENTAACNAPORTACION SOLIDARIA"
2018,8,"Zonas Libres","E2018000364","E2018000364","AKH S DE R L",0,"IMPUESTO SOBRE LA RENTAACNAPORTACION SOLIDARIA"
2018,8,"Zonas Libres","E2018000365","E2018000365","GILDAN ACTIVEWEAR SAN ANTONIO S.A.",0,"IMPUESTO SOBRE LA RENTAACNAPORTACION SOLIDARIA"
2018,8,"Zonas Libres","E2018000366","E2018000366","GILDAN HONDURAS TRADING S. DE R.L.",0,"IMPUESTO SOBRE LA RENTAACNAPORTACION SOLIDARIA"
2018,8,"Zonas Libres","E2018000367","E2018000367","STAR S.A.",0,"IMPUESTO SOBRE LA RENTAACNAPORTACION SOLIDARIA"
2018,8,"Zonas Libres","E2018000368","E2018000368","GILDAN HONDURAS PROPERTIES S. DE R.L.",0,"IMPUESTO SOBRE LA RENTAACNAPORTACION SOLIDARIA"
2018,8,"Zonas Libres","E2018000369","E2018000369","GILDAN HONDURAS DISTRIBUTION S. DE R.L.",0,"IMPUESTO SOBRE LA RENTAACNAPORTACION SOLIDARIA"
2018,8,"Zonas Libres","E2018000371","E2018000371","GILDAN TEXTILES DE SULA S. DE R.L.",0,"IMPUESTO SOBRE LA RENTAACNAPORTACION SOLIDARIA"
2018,8,"Zonas Libres","E2018000373","E2018000373","AEROSOLES FORMULACIONES Y ACCESORIOS TEXTILES S.A DE C.V",0,"IMPUESTO SOBRE LA VENTA"
2018,8,"Zonas Libres","E2018000420","E2018000420","PRIDE PERFORMANCE FABRICS S. A. DE C. V.",0,"IMPUESTO SOBRE LA RENTAACNAPORTACION SOLIDARIA"
2018,8,"Zonas Libres","E2018000426","E2018000426","EMPRESA OPERADORA DE LA ZONA INDUSTRIAL PAM TRADING CORPORATION HONDURAS S. DE R.L.",0,"IMPUESTO SOBRE LA RENTAACNAPORTACION SOLIDARIA"
2018,8,"Zonas Libres","E2018000442","E2018000442","PROVIDENCE HONDURAS S.A",0,"IMPUESTO SOBRE LA RENTAACNAPORTACION SOLIDARIA"
2018,8,"Zonas Libres","E2018000444","E2018000444","UNIMARK & MATSUI HONDURAS INC. S. DE R.L. DE C.V.",0,"IMPUESTO SOBRE LA RENTAACNAPORTACION SOLIDARIA"
2018,8,"Zonas Libres","E2018000460","E2018000460","ZONA INDUSTRIAL DE PROCESAMIENTO SAN JOSE S.A.",0,"IMPUESTO SOBRE LA RENTAACNAPORTACION SOLIDARIA"
2018,8,"Zonas Libres","E2018000479","E2018000479","ZONA LIBRE EL POLVORIN SA DE CV",0,"IMPUESTO SOBRE LA RENTAACNAPORTACION SOLIDARIA"
2018,8,"Zonas Libres","E2018000480","E2018000480","PLATINUM APPAREL S.A. DE C.V.",0,"IMPUESTO SOBRE LA RENTAACNAPORTACION SOLIDARIA"
2018,8,"Zonas Libres","E2018000481","E2018000481","TECNOLOG?AS COMERCIALES S.A. DE C.V. TECNOCOMER",0,"IMPUESTO SOBRE LA RENTAACNAPORTACION SOLIDARIA"
2018,8,"Zonas Libres","E2018000482","E2018000482","AEREO-IMPEX S. A.",0,"IMPUESTO SOBRE LA RENTAACNAPORTACION SOLIDARIA"
2018,8,"Zonas Libres","E2018000483","E2018000483","MOLPEX S.A. DE C.V.",0,"IMPUESTO SOBRE LA RENTAACNAPORTACION SOLIDARIA"
2018,8,"Zonas Libres","E2018000489","E2018000489","ATLANTIC PACKAGING CENTRAL AMERICA S. DE R. L. DE C. V.",0,"IMPUESTO SOBRE LA RENTAACNAPORTACION SOLIDARIA"
2018,8,"Zonas Libres","E2018000493","E2018000493","INVERSIONES  CORPORATIVAS  ORO  VERDES.A. DE  C.V.",0,"IMPUESTO SOBRE LA RENTAACNAPORTACION SOLIDARIA"
2018,8,"Zonas Libres","E2018000494","E2018000494","BAY ISLAND SPORTSWEAR S. DE R.L DE C.V",0,"IMPUESTO SOBRE LA RENTAACNAPORTACION SOLIDARIA"
2018,8,"Zonas Libres","E2018000495","E2018000495","GRUPO LOGISTICO DE CARGA DE HONDURAS  S.A. DE C.V.",0,"IMPUESTO SOBRE LA RENTAACNAPORTACION SOLIDARIA"
2018,8,"Zonas Libres","E2018000496","E2018000496","DISTRIBUIDORA EL PORVENIR S. A. DE C. V.",0,"IMPUESTO SOBRE LA RENTAACNAPORTACION SOLIDARIA"
2018,8,"Zonas Libres","E2018000497","E2018000497","TABCO S. DE R.L.",0,"IMPUESTO SOBRE LA RENTAACNAPORTACION SOLIDARIA"
2018,7,"RIT","E2018000107","E2018000107","TRACOMA S. A. DE C. V.",0,"IMPUESTO SOBRE LA VENTA"
2018,7,"RIT","E2018000163","E2018000163","MELON EXPORT S A",0,"IMPUESTO SOBRE LA VENTA"
2018,7,"RIT","E2018000164","E2018000164","EXPOCAN S DE R. L.",0,"IMPUESTO SOBRE LA VENTA"
2018,7,"Zonas Libres","E2017002137","E2017002137","CARIBEX WORLDWIDE HONDURAS S. DE R. L.",0,"IMPUESTO SOBRE LA VENTA"
2018,7,"Zonas Libres","E2018000009","E2018000009","EMPACADORA DE PRODUCTOS ACU?TICOS SAN LORENZO",0,"APORTE PARA LA ATENCION A PROGRAMAS SOCIALES Y CONSERVACION DEL PATRIMONIO VIAL ACPV"
2018,7,"Zonas Libres","E2018000024","E2018000024","POLYGRAPHIC DE HONDURAS S.A. DE C.V.",0,"IMPUESTO SOBRE LA RENTAACNAPORTACION SOLIDARIA"
2018,7,"Zonas Libres","E2018000053","E2018000053","DRAGON MAYA S.A. DE C.V.",0,"IMPUESTO SOBRE LA RENTAACNAPORTACION SOLIDARIA"
2018,7,"Zonas Libres","E2018000066","E2018000066","ZELAYA INDUSTRIA MADERERA PARA EXPORTACION S DE RL DE C V",0,"IMPUESTO SOBRE LA VENTA"
2018,7,"Zonas Libres","E2018000103","E2018000103","ASTRO CART?N HONDURAS S. A. DE C .V.",0,"APORTE PARA LA ATENCION A PROGRAMAS SOCIALES Y CONSERVACION DEL PATRIMONIO VIAL ACPV"
2018,7,"Zonas Libres","E2018000147","E2018000147","JOGBRA HONDURAS S.A.",0,"IMPUESTO SOBRE LA RENTAACNAPORTACION SOLIDARIA"
2018,7,"Zonas Libres","E2018000148","E2018000148","JASPER HONDURAS S.A.",0,"IMPUESTO SOBRE LA RENTAACNAPORTACION SOLIDARIA"
2018,7,"Zonas Libres","E2018000171","E2018000171","VESTA TRADING SA DE CV",0,"IMPUESTO SOBRE LA VENTA"
2018,7,"Zonas Libres","E2018000182","E2018000182","FIVARO S.A.",0,"IMPUESTO SOBRE LA RENTAACNAPORTACION SOLIDARIA"
2018,7,"Zonas Libres","E2018000224","E2018000224","RECICLAJE DIAMANTE SOCIEDAD AN?NIMA",0,"IMPUESTO SOBRE LA VENTA"
2018,7,"Zonas Libres","E2018000229","E2018000229","ELCATEX S. DE R.L DE C.V.",0,"IMPUESTO SOBRE LA RENTAACNAPORTACION SOLIDARIA"
2018,7,"Zonas Libres","E2018000296","E2018000296","ASTRO HONDURAS S.A.",0,"IMPUESTO SOBRE LA RENTAACNAPORTACION SOLIDARIA"
2018,7,"Zonas Libres","E2018000335","E2018000335","HONDURAS SPINNING MILLS S.A DE C.V.",0,"IMPUESTO SOBRE LA RENTAACNAPORTACION SOLIDARIA"
2018,7,"Zonas Libres","E2018000338","E2018000338","GILDAN CHOLOMA TEXTILES S. DE R.L.",0,"IMPUESTO SOBRE LA RENTAACNAPORTACION SOLIDARIA"
2018,7,"Zonas Libres","E2018000342","E2018000342","GILDAN ACTIVEWEAR SAN MIGUEL S.A. DE C.V.",0,"IMPUESTO SOBRE LA RENTAACNAPORTACION SOLIDARIA"
2018,7,"Zonas Libres","E2018000344","E2018000344","GILDAN ACTIVEWEAR VILLANUEVA S.A.",0,"IMPUESTO SOBRE LA RENTAACNAPORTACION SOLIDARIA"
2018,7,"Zonas Libres","E2018000347","E2018000347","GILDAN HONDURAS HOSIERY FACTORY S. DE R.L.",0,"IMPUESTO SOBRE LA RENTAACNAPORTACION SOLIDARIA"
2018,7,"AgroIndutriales","E2018000102","E2018000102","ASEAL DE HONDURAS S.A.",0,"IMPUESTO SOBRE LA VENTA"
2018,7,"AgroIndutriales","E2018000146","E2018000146","AGROCOMERCIAL ALMENDAREZ S. DE R.L.",0,"IMPUESTO SOBRE LA VENTA"
2018,7,"AgroIndutriales","E2018000152","E2018000152","CAMIONES Y MOTORES S.A. CAMOSA",0,"IMPUESTO SOBRE LA VENTA"
2018,7,"Contructoras","E2018000013","E2018000013","CONSTRUCTORA QUEIROZ GALVAO S/A",0,"IMPUESTO SOBRE LA VENTA"
2018,7,"Energia Renovable","E2017002155","E2017002155","ENERGIA SOLAR DEL SUR S.A DE C.V",0,"IMPUESTO SOBRE LA VENTA"
2018,7,"Energia Renovable","E2018000011","E2018000011","PROMOTORA DE GENERACION DE ENERGIA LIMPIA S.A",0,"IMPUESTO SOBRE LA VENTA"
2018,7,"Energia Renovable","E2018000080","E2018000080","INVERSIONES DE GENERACION EL?CTRICAS S.A DE C.V INGELSA",0,"IMPUESTO SOBRE LA RENTAACNAPORTACION SOLIDARIA"
2018,7,"Energia Renovable","E2018000100","E2018000100","ENERGIA POTENCIA Y DESARROLLOS S.DE R.L DE C.V",0,"IMPUESTO SOBRE LA VENTA"
2018,7,"Energia Renovable","E2018000112","E2018000112","PRODUCCION DE ENERGIA SOLAR Y DEMAS RENOVABLES S.A. DE C.V.",0,"IMPUESTO SOBRE LA VENTA"
2018,7,"Energia Renovable","E2018000123","E2018000123","COMPAnIA AZUCARERA TRES VALLES S.A DE C.V",0,"IMPUESTO SOBRE LA VENTA"
2018,7,"Energia Renovable","E2018000143","E2018000143","SOCIEDAD ELECTRICA MESOAMERICANA S.A DE C.V",0,"RETENCION EN LA FUENTE"
2018,7,"Energia Renovable","E2018000239","E2018000239","SOCIEDAD HIDROEL?CTRICA AGUAS VIVAS S.A. DE C.V.",0,"IMPUESTO SOBRE LA VENTA"
2018,7,"ONG","E2018000006","E2018000006","FUNDACION ALDEAS INFANTILES S.O.S DE HONDURAS",0,"IMPUESTO SOBRE LA RENTAACNAPORTACION SOLIDARIA"
2018,7,"ONG","E2018000071","E2018000071","ASOCIACION HERMANDAD DE HONDURAS - ONGD",0,"IMPUESTO SOBRE LA RENTA"
2018,7,"ONG","E2018000087","E2018000087","FUNDACION HELVETAS HONDURAS FHH",0,"IMPUESTO SOBRE LA VENTA"
2018,7,"ONG","E2018000096","E2018000096","FUNDACION DE DESARROLLO NACIONAL FUDENA",0,"IMPUESTO SOBRE LA RENTAACNAPORTACION SOLIDARIA"
2018,7,"ONG","E2018000350","E2018000350","ASOCIACION PARA EL FORTALECIMIENTO DE LOS HONDURE?OS AFH-ONGD",0,"IMPUESTO SOBRE LA RENTAACNAPORTACION SOLIDARIA"
2018,7,"RIT","E2017002114","E2017002114","GRANJAS MARINAS SAN BERNARDO S.A. DE C.V.",0,"ACPV"
2018,7,"RIT","E2017002119","E2017002119","GRANJAS MARINAS LARVICULTURA",0,"ACPV"
2018,7,"RIT","E2018000098","E2018000098","INGENIER?A AGR?COLA  Y GANADERA S. A. DE C. V.",0,"IMPUESTO SOBRE LA VENTA"
2018,6,"AgroIndutriales","E2016000206","E2016000206","COMPAnIA AZUCARERA TRES VALLES S.A DE C.V",0,"IMPUESTO SOBRE LA VENTA"
2018,6,"AgroIndutriales","E2017000037","E2017000037","AZUCARERA LA GRECIA S.A. DE C.V.",0,"IMPUESTO SOBRE LA VENTA"
2018,6,"AgroIndutriales","E2017000045","E2017000045","AZUCARERA LA GRECIA S.A. DE C.V.",0,"IMPUESTO SOBRE LA VENTA"
2018,6,"AgroIndutriales","E2017000102","E2017000102","AZUCARERA LA GRECIA S.A. DE C.V.",0,"IMPUESTO SOBRE LA VENTA"
2018,6,"AgroIndutriales","E2017000214","E2017000214","LECHE Y DERIVADOS S.A",0,"IMPUESTO SOBRE LA VENTA"
2018,6,"AgroIndutriales","E2017000617","E2017000617","COMPAnIA AZUCARERA TRES VALLES S.A DE C.V",0,"IMPUESTO SOBRE LA VENTA"
2018,6,"AgroIndutriales","E2017000949","E2017000949","INDUSTRIAS MOLINERAS S.A DE C.V. IMSA",0,"IMPUESTO SOBRE LA VENTA"
2018,6,"AgroIndutriales","E2017001190","E2017001190","INVERSIONES FOLIA S. DE R.L",0,"IMPUESTO SOBRE LA VENTA"
2018,6,"AgroIndutriales","E2017001951","E2017001951","DISE?O Y CONSTRUCCIONS.A. DE C.V.",0,"IMPUESTO SOBRE LA VENTA"
2018,6,"Art 15 de la Ley ISV","E2017000744","E2017000744","PAPELERA CALPULES S.A. DE C.V.",0,"IMPUESTO SOBRE LA VENTA"
2018,6,"Art 15 de la Ley ISV","E2017001465","E2017001465","STAR PRODUCE HONDURAS S.A. DE C.V.",0,"IMPUESTO SOBRE LA VENTA"
2018,6,"Art 15 de la Ley ISV","E2017002023","E2017002023","OLEOPRODUCTOS DE HONDURAS S.A. DE C.V. OLEPSA",0,"IMPUESTO SOBRE LA VENTA"
2018,6,"Art 15 de la Ley ISV","E2016000014","E2016000014","PAPELERA CALPULES S.A. DE C.V.",0,"IMPUESTO SOBRE LA VENTA"
2018,6,"Cooperativas","E2017000634","E2017000634","COOPERATIVA AGROPECUARIA SAN MANUEL ULUA LIMITADA",0,"IMPUESTO SOBRE LA RENTAACNAPORTACION SOLIDARIA"
2018,6,"Cooperativas","E2017000671","E2017000671","COOPERATIVA CAFETALERA SIGUATEPEQUE LIMITADA  COHORSIL",0,"IMPUESTO SOBRE LA RENTAACNAPORTACION SOLIDARIA"
2018,6,"Cooperativas","E2017001774","E2017001774","COOPERATIVA MIXTA PORTE?A LIMITADA",0,"IMPUESTO SOBRE LA RENTAACNAPORTACION SOLIDARIA"
2018,6,"Energia Renovable","E2016000132","E2016000132","COMPAnIA AZUCARERA TRES VALLES S.A DE C.V",0,"IMPUESTO SOBRE LA VENTA"
2018,6,"ONG","E2017000498","E2017000498","CENTRO CRISTIANO DE SERVICIOS HUMANITARIOS DE HONDURAS C.C.S.H.H",0,"IMPUESTO SOBRE LA RENTAACTIVO NETOAPORTACION SOLIDARIA"
2018,6,"ONG","E2017000549","E2017000549","ORGANIZACION DE DESARROLLO EMPRESARIAL FEMENINO",0,"IMPUESTO SOBRE LA RENTAACTIVO NETOAPORTACION SOLIDARIA"
2018,6,"ONG","E2017001633","E2017001633","ASOCIACION NUEVO AMANECER",0,"IMPUESTO SOBRE LA VENTA"
2018,6,"ONG","E2017002038","E2017002038","ASOCIACION DE VIDA ABUNDANTE HONDURAS AVAH",0,"IMPUESTO SOBRE LA VENTA"
2018,6,"RIT","E2017000077","E2017000077","INVERSIONES LOS PINARES S.A DE C.V",0,"ACTIVO NETO"
2018,6,"RIT","E2017000078","E2017000078","INVERSIONES LOS PINARES S.A DE C.V",0,"APORTE PARA LA ATENCION A PROGRAMAS SOCIALES Y CONSERVACION DEL PATRIMONIO VIAL ACPV"
2018,6,"RIT","E2017000699","E2017000699","INVERSIONES LOS PINARES S.A DE C.V",0,"IMPUESTO SOBRE LA VENTA"
2018,6,"RIT","E2017001450","E2017001450","ALIMENTOS MARAVILLA DE HONDURAS S.A. DE C.V.",0,"IMPUESTO SOBRE LA VENTA"
2018,6,"RIT","E2017001478","E2017001478","PRODUCTORA AGRICOLA DE ATLANTIDA S.A.",0,"IMPUESTO SOBRE LA VENTA"
2018,6,"Sector Publico","E2017001042","E2017001042","SECRETARIA DE AGRICULTURA Y GANADERIA SAG",0,"IMPUESTO SOBRE LA VENTA"
2018,6,"Sector Publico","E2017001108","E2017001108","SECRETARIA DE AGRICULTURA Y GANADERIA SAG",0,"IMPUESTO SOBRE LA VENTA"
2018,6,"Sector Publico","E2017001166","E2017001166","SECRETARIA DE AGRICULTURA Y GANADERIA SAG",0,"IMPUESTO SOBRE LA VENTA"
2018,6,"Sector Publico","E2017002059","E2017002059","SECRETARIA DE AGRICULTURA Y GANADERIA SAG",0,"IMPUESTO SOBRE LA VENTA"
2018,6,"Sector Publico","E2017000337","E2017000337","R?GIMEN DE APORTACIONES PRIVADAS",0,"IMPUESTO SOBRE LA RENTAACNAPORTACION SOLIDARIA"
2018,6,"Zolitur","E2016000026","E2016000026","ROYMART S. DE R. L. DE C.V",0,"APORTE PARA LA ATENCION A PROGRAMAS SOCIALES,Y CONSERVACION DEL PATRIMONIO VIAL ACPV"
2018,6,"Zonas Libres","E2017000506","E2017000506","RENEWABLE ENERGY SUPPLY CORPORATION S DE R.L.",0,"IMPUESTO SOBRE LA RENTAACNAPORTACION SOLIDARIA"
2018,6,"Zonas Libres","E2017000507","E2017000507","SULA VALLEY BIOGAS CORPORATION S.A DE C.V.",0,"IMPUESTO SOBRE LA RENTAACNAPORTACION SOLIDARIA"
2018,6,"Zonas Libres","E2017000508","E2017000508","ZONA INDUSTRIAL DE EXPORTACION CHOLOMA S.A",0,"IMPUESTO SOBRE LA RENTAACNAPORTACION SOLIDARIA"
2018,6,"Zonas Libres","E2017000509","E2017000509","ELASTICOS CENTROAMERICANOS Y TEXTILES S.A. DE C.V.",0,"IMPUESTO SOBRE LA RENTAACNAPORTACION SOLIDARIA"
2018,6,"Zonas Libres","E2017000516","E2017000516","CAPA. S. A.",0,"IMPUESTO SOBRE LA RENTAACNAPORTACION SOLIDARIA"
2018,6,"Zonas Libres","E2017000517","E2017000517","PETRALEX S. DE R. L.",0,"IMPUESTO SOBRE LA RENTAACNAPORTACION SOLIDARIA"
2018,6,"Zonas Libres","E2017000589","E2017000589","FRANCIS APPAREL S DE R.L.DE C.V.",0,"IMPUESTO SOBRE LA RENTAACNAPORTACION SOLIDARIA"
2018,6,"Zonas Libres","E2017000638","E2017000638","CORPORACION  MAR?TIMA S.A. DE  C.V.",0,"IMPUESTO SOBRE LA RENTAACNAPORTACION SOLIDARIA"
2018,6,"Zonas Libres","E2017000746","E2017000746","INVERSIONES E IMPORTACIONES RCV SOCIEDAD DE RESPONSABILIDAD LIMITADA INVERIMPOR RCV S. DE R.L.",0,"IMPUESTO SOBRE LA VENTA"
2018,6,"Zonas Libres","E2017000825","E2017000825","PRIDE YARN S. DE R.L.",0,"IMPUESTO SOBRE LA RENTAACNAPORTACION SOLIDARIA"
2018,6,"Zonas Libres","E2017000954","E2017000954","PETRALEX DE HONDURAS S.A.",0,"IMPUESTO SOBRE LA RENTAACNAPORTACION SOLIDARIA"
2018,6,"Zonas Libres","E2017001330","E2017001330","STRETCHLINE CENTRAL AMERICA S DE RL DE CV",0,"IMPUESTO SOBRE LA RENTAACNAPORTACION SOLIDARIA"
2018,6,"Zonas Libres","E2017001521","E2017001521","EL?STICOS CENTROAMERICANOS S.A DE C.V.",0,"IMPUESTO SOBRE LA RENTAACNAPORTACION SOLIDARIA"
2018,6,"Zonas Libres","E2017001988","E2017001988","ENERG?TICA Y COGENERACION INTERNACIONAL SOCIEDAD AN?NIMA",0,"IMPUESTO SOBRE LA RENTAACNAPORTACION SOLIDARIA"
2018,6,"Zonas Libres","E2017002090","E2017002090","AVERY DENNISON RETAIL INFORMATION SERVICES HONDURAS  S. DE R.L.",0,"IMPUESTO SOBRE LA VENTA"
2018,5,"AgroIndutriales","DGCFA-E-2018-000779","E-2018000779","EXPORIENTE S.A. DE C.V.","MARCO VINICIO SEVILLA MENDOZA","EXONERACION DE PAGO DEL IMPUESTO SOBRE VENTAS CORRESPONDIENTE AL A?O 2018"
2018,5,"AgroIndutriales","E2017001538","E2017001538","COMPAnIA AZUCARERA CHUMBAGUA S.A. DE C.V.","ERNESTO COLINDRES SEVILLA","EXONERACION DE PAGO DEL IMPUESTO SOBRE VENTAS CORRESPONDIENTE AL A?O 2017"
2018,5,"AgroIndutriales","E2017001127","E2017001127","COMPAnIA AZUCARERA CHUMBAGUA S.A. DE C.V.","ERNESTO COLINDRES SEVILLA","EXONERACION DE PAGO DEL IMPUESTO SOBRE VENTAS CORRESPONDIENTE AL A?O 2018"
2018,5,"AgroIndutriales","DGCFA-EISV-E2018000416","E2018000416","EL COLONO AGROPECUARIO S.A. DE C.V.","GUALBERTO ESPINAL MONTEILH","EXONERACION DE PAGO DEL IMPUESTO SOBRE VENTAS CORRESPONDIENTE AL A?O 2018"
2018,5,"AgroIndutriales","E2017000737","E2017000737","FERTILIZANTES DE CENTROAMERICA S. A. DE C. V. FERTICA","DUNIA PRISCILA MURILLO MALDONADO","AMPLIACION DE LA RESOLUCION DE EXONERACION DE IMPUESTO SOBRE VENTAS"
2018,5,"Contructoras","DGCFA- E2018000711","E2018000711","CONSTRUTORA QUEIROZ GALVAO S.A.","JUAN DIEGO LACAYO GONZALEZ","EXONERACION DEL PAGO DEL IMPUESTO SOBRE LA RENTA APORTACION SOLIDARIA IMPUESTO AL ACTIVO NETO IMPUESTO UNICO DEL 10% SOBRE INTERESES EN CUENTA DE CHEQUES Y AHORRO Y EL IMPUESTO DEL 10% SOBRE GANANCIAS DE CAPITAL  CORREPONDIENTES AL EJERCICIO FISCAL 2017"
2018,5,"Cooperativas","DGCFA-ISR-E2018000544","E2018000544","COOPERATIVA DE AHORRO Y CREDITO INTIBUCANA LIMITADA CACIL","NURY JACKELINE IZAGUIRRE","EXONERACION DEL PAGO DEL IMPUESTO SOBRE LA RENTA ACTIVO NETO Y APORTACION SOLIDARIA PARA EL PERIODO FISCAL 2017"
2018,5,"Cooperativas","DGCFA-E2018000545","E2018000545","COOPERATIVA DE AHORRO Y CREDITO LA GUADALUPE LIMITADA","OSCAR ALBERTO COELLO HERNANDEZ","EXONERACION DEL PAGO DEL IMPUESTO SOBRE LA RENTA ACTIVO NETO Y APORTACION SOLIDARIA PARA EL PERIODO FISCAL 2018"
2018,5,"Energia Renovable","E2017001124","E2017001124","ENERGIA CHUMBAGUA S.A. DE C.V.","ERNESTO COLINDRES SEVILLA","EXONERACION DE PAGO DEL IMPUESTO SOBRE VENTAS CORRESPONDIENTE AL A?O 2017"
2018,5,"Energia Renovable","DGCFA-A-E2017001159","E2017001159","ENERG?A E?LICA DE HONDURAS S. A.","CAROLINA CASTILLO ARGUETA","EXONERACION DEL PAGO DE IMPUESTO SOBRE LA RENTA"
2018,5,"Incentivos al Turismo","DGCFA-A-E2017001944","E2017001944","DESARROLLOS HOTELEROS DE HONDURAS S. A.","ADA JUDITH ESTRADA PONCE","EXONERACION DEL PAGO DE IMPUESTO SOBRE LA RENTA"
2018,5,"ONG","DGCFA-ISV-E 2018000019","E 2018000019","FUNDACION AGROLIBANO","CONCEPCION CHEVEZ VELASQUEZ","EXONERACION DE PAGO DEL IMPUESTO SOBRE VENTAS CORRESPONDIENTE AL A?O 2018"
2018,5,"ONG","DGCFA-ISR-E2018000660","E2018000660","ASOCIACION HONDUREnA PARA LA PROMOCION EDUCATIVA AHPE","WALTER SIGFREDO CRUZ POSAS","EXONERACION DEL PAGO DEL IMPUESTO SOBRE LA RENTA ACTIVO NETO Y APORTACION SOLIDARIA"
2018,5,"ONG","DGCFA-ISR-E2018000535","E2018000535","MINISTERIO SION","RENIERY FABRICIO GUILLEN RODRIGUEZ","EXONERACION DEL PAGO DEL IMPUESTO SOBRE LA RENTA ACTIVO NETO Y APORTACION SOLIDARIA"
2018,5,"ONG","DGCFA-ISR-E2017001877","E2017001877","ASOCIACION BANCO DE ALIMENTOS DE HONDURAS","IVIS EDUARDO ALVARADO GARCIA","EXONERACION DEL PAGO DEL IMPUESTO SOBRE LA RENTA ACTIVO NETO Y APORTACION SOLIDARIA"
2018,5,"ONG","DGCFA-ISR-E2018000424","E2018000424","ASOCIACION PUEBLO FRANCISCANO DE MUCHACHOS Y MUCHACHAS APUFRAM","JOSE MIGUEL BUEZO ULLOA","EXONERACION DEL PAGO DEL IMPUESTO SOBRE LA RENTA ACTIVO NETO APORTACION SOLIDARIA TEMPORAL IMPUESTO UNICO DEL DIEZ POR CIENTO 10% SOBRE INTERESES GENERADOS EN DEPOSITOS BANCARIOS"
2018,5,"Organismos Internacionales","E2018000827","E2018000827","INTERNATIONAL DEVELOPMENT LAW ORGANIZATION IDLO",0,"EXONERACION DE IMPUESTO SOBRE LA RENTA PARA EL PERIODO FISCAL 2017"
2018,5,"RIT","DGCFA-E2018000092","E2018000092","BENEFICIO DE CAFE MONTECRISTO S. A. DE C. V.","FERNANDO ALBERTO GODOY SAGASTUME","EXONERACION DEL PAGO DEL IMPUESTO AL ACTIVO NETO Y APORTACION SOLIDARIA PARA EL PERIODO FISCAL 2017"
2018,5,"Sector Publico","DGCFA-E2018000630","E2018000630","UNIDAD ADMINISTRADORA DE PROYECTOS DE LA SECRETAR?A DE FINANZAS","OMAR HUMBERTO ZUNIGA","Exoneracion de Pago del Impuesto sobre ventas a favor del PROGRAMA MANEJO SOSTENIBLE DE BOSQUES N? 3878/BL-HO"
2018,5,"Zolitur","DGCFA-E2018000797","E2018000797","ELITE EQUIPMENT RENTAL S.A.","ROBERTO CATALINO BANEGAS","EXONERACION DEL PAGO DEL IMPUESTO SOBRE LA RENTA ACTIVO NETO Y APORTACION SOLIDARIA"
2018,5,"Zolitur","DGCFA-E2018000795","E2018000795","DIAMOND ROCK  AGGREGATES S DE R L","ROBERTO CATALINO BANEGAS","EXONERACION DEL PAGO DEL IMPUESTO SOBRE LA RENTA ACTIVO NETO Y APORTACION SOLIDARIA"
2018,5,"Zolitur","DGCFA-E2018000663","E2018000663","HOLLAND EXECUTIVE INN S.DE R.L DE C.V.","WALESKA YESSENIA RUIZ BETANCOURT","EXONERACION DEL PAGO DEL IMPUESTO SOBRE LA RENTA ACTIVO NETO Y APORTACION SOLIDARIA"
2018,5,"Zolitur","E2018000017","E2018000017","UTILA POWER COMPANY S.A. DE C.V.","WALESKA YESSENIA RUIZ BETANCOURT","EXONERACION DEL PAGO DEL IMPUESTO SOBRE VENTAS"
2018,5,"Zolitur","DGCFA-E2017002170","E2017002170","SILVER SEAFOOD S. DE R. L. DE C. V.","EDITH ROSIBEL DIAZ GOMEZ","EXONERACION DEL PAGO DEL IMPUESTO SOBRE VENTAS"
2018,5,"Zolitur","DGCFA-E2018000870","E2018000870","GENERAL CONCRETE SERVICES S. A. DE C. V.","PATRICIA VERONICA ORDO?EZ ESCOTO","EXONERACION DEL PAGO DEL IMPUESTO SOBRE LA RENTA ACTIVO NETO Y APORTACION SOLIDARIA"
2018,5,"Zolitur","DGCFA-E2018000869","E2018000869","ACME SANITATION S. A.","PATRICIA VERONICA ORDO?EZ ESCOTO","EXONERACION DEL PAGO DEL IMPUESTO SOBRE LA RENTA ACTIVO NETO Y APORTACION SOLIDARIA"
2018,5,"Zolitur","DGCFA-E2018000871","E2018000871","ISLAND CONCRETE CONSTRUCTION Y DEVELOPMENT S. A. DE C. V.","PATRICIA VERONICA ORDO?EZ ESCOTO","EXONERACION DEL PAGO DEL IMPUESTO SOBRE LA RENTA ACTIVO NETO Y APORTACION SOLIDARIA"
2018,5,"Zolt","DGCFA-EISR-E2018000219","E2018000219","BIGOS LA CASA DE LAS HAMBURGUESAS S. DE R.L. DE C.V.","ADA JUDITH ESTRADA PONCE","EXONERACION DEL PAGO DEL IMPUESTO SOBRE LA RENTA PARA EL PERIODO FISCAL 2017"
2018,5,"Zonas Libres","DGCFA-ISR-E2018000097","E2018000097","MARINOS PESCADERIA S. DE R.L.","RENE BARNICA SOLORZANO","EXONERACION DEL PAGO DEL IMPUESTO APORTACION SOLIDIARIA Y ACTIVO NETO PARA EL PERIODO FISCAL 2017"
2018,5,"Zonas Libres","E2017001824","E2017001824","MARTEX FIBER INTERNACIONAL-RECICLAJE TEXTIL S. DE R.L. DE C.V.","HENRY EFRAIN MENDIETA CASTRO","EXONERACION DE PAGO DEL IMPUESTO SOBRE VENTAS CORRESPONDIENTE AL A?O 2017"
2018,5,"Zonas Libres","DGCFA-ACPV-M-0030-2016","E-0093-2016","AGROINDUSTRIAL PALMA REAL S. A. DE C. V.","JAVIER ARTURO ABADIE AGUILAR","MODIFICACION V?A AMPLIACION DE LA RESOLUCION DE EXONERACION DEL PAGO DE IMPUESTO DENOMINADO APORTE PARA LA ATENCION A PROGRAMAS SOCIALES Y CONSERVACION DEL PATRIMONIO VIAL No. DGCFA-ACPV-0030-2016"
2018,5,"Zonas Libres","DGCFA-E2017001882","E2017001882","DISTRIBUIDORA ALNOST S. A. DE C. V.","DIANA E. HANDAL ORDO?EZ","EXONERACION DEL IMPUESTO SOBRE LA RENTA APORTACION SOLIDARIA Y ACTIVO NETO"
2018,5,"Zonas Libres","DGCFA-E2018000236","E2018000236","ALPHA SERVICES AND LOGISTCS S. A.","WALESKA YESSENIA RUIZ BETANCOURT","EXONERACION DEL IMPUESTO SOBRE LA RENTA APORTACION SOLIDARIA Y ACTIVO NETO"
2018,5,"Zonas Libres","DGCFA-EISV-M-0001-2018",0,"PAPELERIA CALPULES S. A.","SANDRA J. OCHOA B","MODIFICACION DE LA RESOLUCION DE EXONERACION DE IMPUESTO SOBRE VENTAS"
2018,4,"AgroIndutriales","E-2M2018000251","E2018000251","BENEFICIO DE GRANOS MATURAVE S.A.","ISIS ANDIRA ELVIR LAINEZ","SEGUNDA MODIFICACION VIA AMPLIACION DE LA RESOLUCION DE EXONERACION DE PAGO DEL IMPUESTO SOBRE VENTAS CORRESPONDIENTE AL A?O 2018"
2018,4,"Cooperativas","DGCFA-ISR-E2018000319","E2018000319","COOPERATIVA DE AHORRO Y CREDITO SAGRADA FAMILIA LIMITADA","MANUEL ALEJANDRO MARTINEZ ROMERO","EXONERACION DEL PAGO DEL IMPUESTO SOBRE LA RENTA ACTIVO NETO Y APORTACION SOLIDARIA PARA EL PERIODO FISCAL 2017"
2018,4,"Cooperativas","E2018000668","E2018000668","COOPERATIVA MIXTA DE MARINOS PROFESIONALES COMPAnIA IB?RICA HONDUREnA LIMITADA MARPROCIH","??ZZWA ??ZZALLEDD MEDIANA BUESO","EXONERACION DEL PAGO DEL IMPUESTO SOBRE LA RENTA ACTIVO NETO Y APORTACION SOLIDARIA PARA LOS PERIODOS FISCALES 2016 Y 2017"
2018,4,"Cooperativas","E2018000667","E2018000667","COOPERATIVA DE PRODUCCION AGROPECUARIA EL ESFUERZO LA COMPUERTA LIMITADA CAECOL","??ZZWA ??ZZALLEDD MEDIANA BUESO","EXONERACION DEL PAGO DEL IMPUESTO SOBRE LA RENTA ACTIVO NETO Y APORTACION SOLIDARIA PARA EL PERIODO FISCAL 2017"
2018,4,"Energia Renovable","E-M2017001499","E2017001499","SISTEMAS FOTOVOLTAICOS DE HONDURAS S.A. FOTERSA","ROY PORFIRIO ZAVALA DIAZ","MODIFICACION VIA AMPLIACION DE LA RESOLUCION DE EXONERACION DE PAGO DEL IMPUESTO SOBRE VENTAS CORRESPONDIENTE AL A?O 2017"
2018,4,"Energia T?rmica","DGCFA-E2017001840","E2017001840","AGENCIA CATOLICA IRLANDESA PARA EL DESARROLLO TROCAIRE","ANDREW ALEXANDER MERREN BANEGAS","EXONERACION DE PAGO DEL IMPUESTO SOBRE VENTAS"
2018,4,"ONG","E-M2017001653","E2017001653","ASOCIACION NUEVO AMANECER","JOSE LUIS SOSA MARTINEZ","MODIFICACION VIA AMPLIACION DE LA RESOLUCION DE EXONERACION DE PAGO DEL IMPUESTO SOBRE VENTAS CORRESPONDIENTE AL A?O 2017"
2018,4,"ONG","DGCFA-ISV-0022-2018","E-0586-2015","ASOCIACION GOAL INTERNATIONAL","LILIAN ROSARIO LOPEZ GARCIA","EXONERACION DE PAGO DEL IMPUESTO SOBRE VENTAS CORRESPONDIENTE AL A?O 2015"
2018,4,"ONG","DGCFA-E2018000408","E2018000408","ASOCIACION HONDUREnA PARA EL FOMENTO DE LA EDUCACION SUPERIOR AHFES","SAYRA IRASEMA VARGAS GALLEGOS","EXONERACION DEL PAGO DEL IMPUESTO SOBRE LA RENTA ACTIVO NETO Y APORTACION SOLIDARIA"
2018,4,"Proyectos Estatales con F. Ex.","DGCFA-EISV-M-0436-2015","E-0547-2015","PROYECTO SEGURIDAD ALIMENTARIA Y RESILIENCIA EN EL CORREDOR SECO - EUROSAN",0,"MODIFICACION VIA AMPLIACION DE LA RESOLUCION No. DE  EXONERACION DE IMPUESTO SOBRE VENTAS"
2018,4,"Proyectos Estatales con F. Ex.","DGCFA-E2016000190","E2016000190","PROYECTO AYUDA DE TRANSICION PARA FORTALECER LA RESILENCIA EN EL CORREDOR SECO DE AMERICA CENTRAL Y SEGURIDAD ALIMENTARIA ACCESO AGUA Y MEDIDAS DE PROMOCION DE HIGIENE PARA LAS FAMILIAS MAS VULNERABLES DE PEQUE?OS AGRICULTORES FUERTEMENTE AFECTADOS POR LA SEQUIA EN EL CORREDOR SECO DE GUATEMALA HONDURAS NICARAGUA Y EL SALVADOR","OSCAR ALEJANDRO ALVAREZ DIAZ","EXONERACION DE PAGO DEL IMPUESTO SOBRE VENTAS"
2018,4,"Proyectos Estatales con F. Ex.","DGCFA-E2017000831","E2017000831","PROYECTO PRODOC E INSUMOS PARA SC FASE 1 2017-2021 DEL PROGRAMA DEIT MUSKITIA","ANDREW ALEXANDER MERREN BANEGAS","EXONERACION DE PAGO DEL IMPUESTO SOBRE VENTAS"
2018,4,"Proyectos Estatales con F. Ex.","DGCFA-E2017001327","E2017001327","PROYECTO SUPERANDO BARRERAS PARA EL ACCESO A LA JUSTICIA DE MUJERES EN ALTO RIESGO UN COMPROMISO CONSTRUCTIVO","FERNANDO ALFREDO GOMEZ BLANDIN","EXONERACION DE PAGO DEL IMPUESTO SOBRE VENTAS"
2018,4,"RIT","DGCFA-E2017002018","E2017002018","TAPAS PLASTICAS S. DE R.L. DE C.V.","FRANCISCA ROMERO BANEGAS","EXONERACION DE PAGO DEL IMPUESTO SOBRE VENTAS CORRESPONDIENTE AL A?O 2018"
2018,4,"Zolt","DGCFA-E2018000627","E2018000627","NUEVA SOCIEDAD HOTELERA S.A. DE C.V.","ALEJANDRO JOSE CACERES LAGOS","EXONERACION DEL PAGO DEL IMPUESTO SOBRE LA RENTA ACTIVO NETO Y APORTACION SOLIDARIA"
2018,4,"Zonas Libres","DGCFA-E2018000224","E2018000224","RECICLAJE DIAMANTE S.A.","CARLOS RENIERE ZELAYA CACERES","EXONERACION DE PAGO DEL IMPUESTO SOBRE VENTAS CORRESPONDIENTE AL A?O 2018"
2018,4,"Zonas Libres","E-M2017001824","E2017001824","MARTEX FIBER INTERNACIONAL-RECICLAJE TEXTIL S. DE R.L. DE C.V.","HENRY EFRAIN MENDIETA CASTRO","MODIFICACION VIA AMPLIACION DE LA RESOLUCION DE EXONERACION DE PAGO DEL IMPUESTO SOBRE VENTAS CORRESPONDIENTE AL A?O 2017"
2018,4,"Zonas Libres","E2M2017001427","E2017001427","BIOCOMBUSTIBLES Y SALUD S.A. DE C.V. BIOSA S.A. DE C.V.","HECTOR EMILIO SANCHEZ AGUILERA","SEGUNDA MODIFICACION VIA AMPLIACION DE LA RESOLUCION DE EXONERACION DEL IMPUESTO SOBRE VENTAS CORRESPONDIENTE AL A?O 2017"
2018,3,"AgroIndutriales","DGCFA-E2018000082","E2018000082","REFINADORA DE SAL S.A.","JOSE MANUEL CHIRINOS RODAS","EXONERACION DE PAGO DEL IMPUESTO SOBRE VENTAS CORRESPONDIENTE AL A?O 2018"
2018,3,"AgroIndutriales","DGCFA-E2018000091","E2018000091","NETAFIM HONDURAS S.A.","JORGE RICARDO BRIZUELA PAVON","EXONERACION DE PAGO DEL IMPUESTO SOBRE VENTAS CORRESPONDIENTE AL A?O 2018"
2018,3,"AgroIndutriales","DGCFA-E2017002049","E2017002049","AGROINSUMOS DEL NORTE S. DE R.L.","HECTOR EMILIO SANCHEZ AGUILERA","EXONERACION DE PAGO DEL IMPUESTO SOBRE VENTAS CORRESPONDIENTE AL A?O 2018"
2018,3,"AgroIndutriales","DGCFA-EISV-M-0046-2017","E-0944-2016","AZUCARERA TRES VALLES S.A. DE C.V.","DUNIA MALDONADO MURILLO","MODIFICACION VIA AMPLIACION DE LA RESOLUCION DE EXONERACION DEL IMPUESTO SOBRE VENTAS"
2018,3,"AgroIndutriales","E-M2018000251","E2018000251","BENEFICIO DE GRANOS MATURAVE S.A.","ISIS ANDIRA ELVIR LAINEZ","MODIFICACION VIA AMPLIACION DE LA RESOLUCION DE EXONERACION DE PAGO DEL IMPUESTO SOBRE VENTAS CORRESPONDIENTE AL A?O 2018"
2018,3,"AgroIndutriales","E-M2017001212","E2017001212","HACIENDA LA EMPALIZADA","LUIS FERNANDO MANZANO CRUZ","MODIFICACION VIA AMPLIACION DE LA RESOLUCION DE EXONERACION DE PAGO DEL IMPUESTO SOBRE VENTAS CORRESPONDIENTE AL A?O 2017"
2018,3,"AgroIndutriales","DGCFA-E2M2017001183","E2017001183","EDUARDO MIGUEL MARTINEZ COMPAnIA S. DE R.L. DE C.V. EMMACO S. DE R.L. DE C.V.","ANA LOURDES MARTINEZ CRUZ","Modificacion a la Resolucion No.E2017001183 otorgada en  fecha 14 de Agosto del 2017 y una ampliacion numero EM2017001183"
2018,3,"APP","E-4M2017001205","E2017001205","PALMEROLA INTERNATIONAL AIRPORT S.A. DE C.V. PIA S.A. DE C.V.","ALEXA JAMALI ESPINAL MEZA","CUARTA MODIFICACION VIA AMPLIACION DE LA RESOLUCION DE EXONERACION DE PAGO DEL IMPUESTO SOBRE VENTAS"
2018,3,"Energia Renovable","DGCFA-EISV-0005-2018","C-ISV-0022-2017","LUZ Y FUERZA DE SAN LORENZO S.A. DE C.V. LUFUSSA","CARLOS REYNEL KIEFFER MEDAL","EXONERACION DEL IMPUESTO SOBRE VENTAS PARA EL PERIODO FISCAL 2018"
2018,3,"Energia Renovable","DGCFA-E2017001159","E2017001159","ENERGIA EOLICA DE HONDURAS S.A. EEHSA","CAROLINA CASTILLO ARGUETA","EXONERACION DEL PAGO DEL IMPUESTO SOBRE LA RENTA APORTACION SOLIDARIA TEMPORAL IMPUESTO AL ACTIVO NETO IMPUESTO DE GANANCIA DE CAPITAL Y DEMAS IMPUESTOS CONEXOS A LA RENTA PARA EL PERIODO FISCAL 2016"
2018,3,"Energia Renovable","DGCFA-E2017001912","E2017001912","INDUSTRIAS CONTEMPO S.A. DE C.V.","CAROLINA CASTILLO ARGUETA","EXONERACION DE PAGO DEL IMPUESTO SOBRE VENTAS CORRESPONDIENTE AL A?O 2018"
2018,3,"Energia Renovable","E-M2017001802","E2017001802","VIENTOS DE ELECTROTECNIA S.A. DE C.V.","CAROLINA CASTILLO ARGUETA","MODIFICACION VIA AMPLIACION DE LA RESOLUCION DE EXONERACION DE PAGO DEL IMPUESTO SOBRE VENTAS CORRESPONDIENTE AL A?O 2017"
2018,3,"Energia Renovable","DGCFA-EM2017002110","E2017002110","ENERGIA RENOVABLE S.A. DE C.V ENERSA","MARIO GUILLERMO VALLADARES ALCERRO","Modificacion a la Resolucion No. DGCFA-E2017002110"
2018,3,"ONG","DGCFA-E2018000217","E2018000217","FUNDACION RECURSOS PARA EL DESARROLLO AGROFORESTAL DE HONDURAS RDA","HERIBERTO GUSTAVO NAVARRETE BOQUIN","EXONERACION DE PAGO DEL IMPUESTO SOBRE VENTAS CORRESPONDIENTE AL A?O 2018"
2018,3,"ONG","DGCFA-E2018000161","E2018000161","FUNDACION OPERACION SONRISA HONDURAS","GUSTAVO LEON GOMEZ RODAS","EXONERACION DE PAGO DEL IMPUESTO SOBRE VENTAS CORRESPONDIENTE AL A?O 2018"
2018,3,"ONG","DGCFA-E2017001691","E2017001691","INSTITUTO DE DESARROLLO INTEGRAL COMUNITARIO INDICO","CARLOS REYNEL KIEFFER MEDAL","EXONERACION DEL PAGO DEL IMPUESTO SOBRE LA RENTA ACTIVO NETO Y APORTACION SOLIDARIA"
2018,3,"ONG","DGCFA-E2018000096","E2018000096","FUNDACION DE DESARROLLO NACIONAL FUDENA","ELISA ISABEL PALMA QUI?ONEZ","EXONERACION DEL PAGO DEL IMPUESTO SOBRE LA RENTA ACTIVO NETO Y APORTACION SOLIDARIA"
2018,3,"ONG","DGCFA-ISV-0020-2018","C-ISV-0042-2018","ASOCIACION NACIONAL DE AVICULTORES DE HONDURAS ANAVIH","MARTA OFELIA RIVERA ROSALES","EXONERACION DE PAGO DEL IMPUESTO SOBRE VENTAS CORRESPONDIENTE AL A?O 2018"
2018,3,"ONG","DGCFA-E2017001959","E2017001959","FUNDACION ALAN E. FLORES","FRANCESCA MARGARITA ALAS PAVON","EXONERACION DEL PAGO DEL IMPUESTO SOBRE LA RENTA ACTIVO NETO Y APORTACION SOLIDARIA"
2018,3,"Proyectos Estatales con F. Ex.","E-2M2017000351","E2017000351","PROYECTO SOCIAL DE INCLUSION A LA EDUCACION SUPERIOR UNA/PINPROS.","RUTH GUILLEN BONILLA","SEGUNDA MODIFICACION VIA AMPLIACION DE LA RESOLUCION DE EXONERACION DE PAGO DEL IMPUESTO SOBRE VENTAS"
2018,3,"Proyectos Estatales con F. Ex.","DGCFA-EISV-M-0348-2015","E-0654-2015","PROYECTO MEJORA AL ACCESO DE AGUA POTABLE Y GESTION DEL RECURSO HIDRAULICO EN LA CIUDAD DE SANTA ROSA DE COPAN",0,"MODIFICACION VIA AMPLIACION DE LA RESOLUCION DE EXONERACION DE PAGO DEL IMPUESTO SOBRE VENTAS"
2018,3,"Proyectos Estatales con F. Ex.","DGCFA-E2017000390","E2017000390","PROYECTO AMPLIACION Y MEJORAMIENTO DE LA CARRETERA LA ESPERANZA-CAMASCA","SANDRA JANETH ALVAREZ PINEDA","EXONERACION DEL PAGO DEL IMPUESTO SOBRE VENTAS CORRESPONDIENTE A LOS PERIODOS FISCALES 2015 2016 y 2017"
2018,3,"RIT","DGCFA-EISV-M-A-0318-2016","E-0124-2016","MELON EXPORT S.A. MELEXSA",0,"MODIFICACION VIA AMPLIACION EN EL PLAZO DE LA VIGENCIA de la Resolucion de EXONERACION DE IMPUESTO SOBRE VENTAS."
2018,3,"RIT","DGCFA-E2017001796","E2017001796","INVERSIONES DEPORTIVAS FUTECA HONDURAS S.A. DE C.V.","LESLY ONEIDA PACHECO CARRANZA","EXONERACION DEL PAGO DEL IMPUESTO SOBRE LA RENTA"
2018,3,"RIT","DGCFA-ACPV-E2017001942","E2017001942","INVERSIONES ESPIRITU SANTO S. DE R.L. DE C.V.","CLAUDIA GEORGINA REYES ORDO?EZ","EXONERACION DE PAGO DEL IMPUESTO DENOMINADO APORTE PARA LA ATENCION A PROGRAMAS SOCIALES Y CONSERVACION DEL PATRIMONIO VIAL CORRESPONDIENTE AL PERIODO 2018"
2018,3,"Zolitur","E-M-2017000240","E2017000240","ROATAN ISLAND DREAM ENTERPRISES S.A.","CAROLINA OLIVIA KELLY WELCOME","MODIFICACION VIA AMPLIACION EN EL PLAZO DE LA VIGENCIA de la Resolucion de EXONERACION DE IMPUESTO SOBRE VENTAS CORRESPONDIENTE AL PERIODO 2017"
2018,3,"Zonas Libres","DGCFA-EISV-A-0045-2017","E-0087-2016","IDEA HONDURAS S. DE R.L.","HENRY EFRAIN MENDIETA CASTRO","ACLARAR DE OFICIO LA RESOLUCION N?MERO DGCFA-EISV-0045-2017"
2018,3,"Zonas Libres","EM2016000107","E2016000107","AGROINDUSTRIAS DIADEMA ZONA FRANCA HONDURAS S.A","JOSE ARMANDO DIAZ BARAHONA","MODIFICACION VIA AMPLIACION DE LA RESOLUCION NUMERO DE EXONERACION DE PAGO DEL IMPUESTO SOBRE VENTA CORRESPONDIENTE AL A?O 2017"
2018,3,"Zonas Libres","DGCFA-EM2017001292.","E2017001292","DISTRIBUIDORA EXPORTADORA E IMPORTADORA MI HONDURAS S. DE R.L. DE C.V.","FEYGA PAMELA CERNA RUBINSTEIN","Modificacion a la Resolucion No.E2017001292"
2018,2,"AgroIndutriales","DGCFA-E2017002084","E2017002084","CENTRO INTERNACIONAL DE AGRICULTURA TROPICAL CIAT","JENNIFER REBECCA WIEGEL","EXONERACION DE IMPUESTO SOBRE LA RENTA ACTIVO NETO Y APORTACION SOLIDARIA"
2018,2,"AgroIndutriales","DGCFA-E2017002138","E2017002138","E. y L. COMERCIAL AGROPECUARIA S.A. DE C.V.","OSLYN HERNANDEZ MARADIAGA","EXONERACION DE PAGO DEL IMPUESTO SOBRE VENTAS CORRESPONDIENTE AL A?O 2018"
2018,2,"AgroIndutriales","DGCFA-E2018000251","E2018000251","BENEFICIO DE GRANOS MATURAVE S.A.","ISIS ANDIRA ELVIR LAINEZ","EXONERACION DE PAGO DEL IMPUESTO SOBRE VENTAS CORRESPONDIENTE AL A?O 2018"
2018,2,"AgroIndutriales","DGCFA-E2018000300","E2018000300","EMPRESA AVICOLA EL CORTIJO S.A. DE C.V.","MARCO TULIO ANDARA S.","EXONERACION DE PAGO DEL IMPUESTO SOBRE VENTAS CORRESPONDIENTE AL A?O 2018"
2018,2,"Art 15 de la Ley ISV","DGCFA-E2017002027","E2017002027","FUNDIDORA DEL NORTE S.A.","WALESKA YESSENIA RUIZ BETANCOURT","EXONERACION DE PAGO DEL IMPUESTO SOBRE VENTAS CORRESPONDIENTE AL A?O 2018"
2018,2,"Energia Renovable","E-M-2017000184","EM2017000184","HIDROELECTRICA CENTRALES EL PROGRESO S.A. DE C.V. HIDROCEP S.A. DE C.V.","WALESKA YESSENIA RUIZ BETANCOURT","MODIFICACION VIA AMPLIACION EN EL PLAZO DE LA VIGENCIA de la Resolucion de EXONERACION DE IMPUESTO SOBRE VENTAS CORRESPONDIENTE AL A?O 2017"
2018,2,"Energia Renovable","DGCFA-E2018000011","E2018000011","PROMOTORA DE GENERACION DE ENERGIA LIMPIA S.A. PROGELSA","WALESKA YESSENIA RUIZ BETANCOURT","EXONERACION DE PAGO DEL IMPUESTO SOBRE VENTAS CORRESPONDIENTE AL A?O 2018"
2018,2,"ONG","DGCFA-EISR-0136-2017","C-ISR-ACTN-006-2017","ASOCIACION HONDUREnA DE PLANIFICACION DE FAMILIA ASHONPLAFA","BERNABE SORTO RAMIREZ","EXONERACION DEL PAGO DEL IMPUESTO SOBRE LA RENTA ACTIVO NETO Y APORTACION SOLIDARIA"
2018,2,"ONG","DGCFA-E2017000515","E2017000515","FUNDACION HONDUREnA PARA EL NInO CON CANCER","MARIO ANTONIO MENDOZA CASTILLO","EXONERACION DEL PAGO DEL IMPUESTO SOBRE LA RENTA ACTIVO NETO Y APORTACION SOLIDARIA"
2018,2,"ONG","DGCFA-E2017001950","E2017001950","INTERNATIONAL DEVELOPMENT ENTERPRISES IDE","ANDREW ALEXANDER MERREN BANEGAS","EXONERACION DEL PAGO DEL IMPUESTO SOBRE LA RENTA ACTIVO NETO Y APORTACION SOLIDARIA"
2018,2,"ONG","DGCFA-E2017002120","E2017002120","ASOCIACION GOAL INTERNATIONAL","ANDREW ALEXANDER MERREN BANEGAS","EXONERACION DEL PAGO DEL IMPUESTO SOBRE LA RENTA ACTIVO NETO Y APORTACION SOLIDARIA"
2018,2,"Organismos Internacionales","DGCFA-EISV-M-0261-2013","E-0146-2013","COMIT? INTERNACIONAL DE LA CRUZ ROJA CICR",0,"MODIFICACION VIA AMPLIACION EN EL PLAZO DE LA VIGENCIA de la Resolucion de EXONERACION DE IMPUESTO SOBRE VENTAS"
2018,2,"Proyectos Estatales con F. Ex.","DGCFA-EISV-0009-2018","C-ISV-0017-2018","PROYECTO PREVENCION DE LA VIOLENCIA ESCOLAR DAI GLOBAL LLC / SBVPA Acuerdo Cooperativo  AID-522-C-17-00001",0,"EXONERACION DE IMPUESTO SOBRE VENTAS"
2018,2,"Proyectos Estatales con F. Ex.","DGCFA-EISV-M-0261-2016","E-0706-2016","PROYECTO FOMENTAR LOS ENTORNOS URBANOS EN CONVIVENCIA SEGURIDAD Y CON PREVENCION DE VIOLENCIA EN EL CENTRO HISTORICO DE TEGUCIGALPA",0,"EXONERACION DE IMPUESTO SOBRE VENTAS"
2018,2,"Proyectos Estatales con F. Ex.","E-M-2017000355","E2017000355","PROYECTO CONSTRUCCION Y EQUIPAMIENTO DEL RELLENO SANITARIO EL PINALITO GRACIAS LEMPIRA","STEFFANY MISHELL ROSA GUEVARA","MODIFICACION VIA AMPLIACION EN EL PLAZO DE LA VIGENCIA de la Resolucion de EXONERACION DE IMPUESTO SOBRE VENTAS CORRESPONDIENTE AL PERIODO 2017"
2018,2,"RIT","DGCFA-EISV-M-0138-2016","E-0124-2016","MELON EXPORT S.A. MELEXSA","MARITZA AZUCENA MEDINA JIMENEZ","EXONERACION DE IMPUESTO SOBRE VENTAS"
2018,2,"Sector Publico","DGCFA-EISV-0002-2018","C-ISV-0011-2017","INSTITUTO HONDURE?O DE SEGURIDAD SOCIAL I.H.S.S.","FRANCISCO ANTONIO MONTOYA MARTINEZ","MODIFICACION VIA AMPLIACION DE LA EXONERACION DEL IMPUESTO SOBRE VENTAS PARA EL PERIODO FISCAL 2018"
2018,2,"Sector Publico","DGCFA-E2017001009","E2017001009","EMPRESA NACIONAL DE ENERGIA ELECTRICA ENEE","KARLA IVONNE CACERES COLEMAN","EXONERACION DEL PAGO DE IMPUESTO SOBRE VENTAS  PARA EL PERIODO FISCAL 2017"
2018,2,"Sector Publico","E-M-2017000706","E2017000706","GARAN SAN JOSE S.A. DE C.V.","SERGIO BUESO MOLINA","MODIFICACION VIA AMPLIACION DE ITEMS Y CANTIDADES EN LA RESOLUCION  EXONERACION DEL IMPUESTO SOBRE VENTAS"
2018,2,"Zolitur","EM2017000162","E2017000162","INVERSIONES DEL CARIBE S.A.","ANGELA YAMILETH AGUILAR PALENCIA","AMPLIACION DEL FLUJO DE COMBUSTIBLE EXONEADO EN LA CATEGORIA SUPER Y REGULAR DEL IMPUESTO DENOMINADO APORTE PARA LA ATENCION  PROGRAMAS SOCIALES Y CONSERVACION DEL PATRIMONIO VIAL OTORGADO MEDIANTE  RESOLUCION N?. E2017000162."
2018,2,"Zonas Libres","DGCFA-E2018000103","E2018000103","ASTRO CARTON HONDURAS S.A. DE C.V.","FREDY LEON CALLE GALLO","EXONERACION DE PAGO IMPUESTO DENOMINADO APORTE PARA LA ATENCION A PROGRAMAS SOCIALES Y CONSERVACION DEL PATRIMONIO VIAL"
2018,1,"APP","E-3M-2017001205","E-3M-2017001205","PALMEROLA INTERNATIONAL AIRPORT S.A. DE C.V. PIA S.A. DE C.V.","ALEXA JAMALI ESPINAL MEZA","TERCERA MODIFICACION VIA AMPLIACION DE LA RESOLUCION DE EXONERACION DEL IMPUESTO SOBRE VENTAS CORRESPONDIENTE AL A?O 2017"
2018,1,"Cooperativas","E2017001661","E2017001661","COOPERATIVA MIXTA USULA LIMITADA","FIORELLA FERNANDEZ GUZMAN","EXONERACION DEL PAGO DEL IMPUESTO SOBRE LA RENTA ACTIVO NETO Y APORTACION SOLIDARIA PARA LOS PERIODOS FISCALES 2014 2015 2016 y 2017"
2018,1,"Energia Renovable","E2017002088","E2017002088","EMPRESA DE MANTENIMIENTO CONSTRUCCION Y ELECTRICIDAD S.A. DE C.V. E.M.C.E.","MARIO GUILLERMO VALLADARES ALCERRO","EXONERACION DEL IMPUESTO SOBRE VENTAS PARA EL PERIODO FISCAL 2018"
2018,1,"Energia Renovable","E2017001550","E2017001550","SOCIEDAD ELECTRICA MESOAMERICANA S.A. DE C.V. SEMSA","DUNIA PRISCILA MURILLO MALDONADO","EXONERACION DEL PAGO DEL IMPUESTO SOBRE LA RENTA APORTACION SOLIDARIA TEMPORAL IMPUESTO AL ACTIVO NETO IMPUESTO DE GANANCIA DE CAPITAL Y TODOS AQUELLOS IMPUESTOS CONEXOS A LA RENTA PARA EL PERIODO FISCAL 2018"
2018,1,"Energia Renovable","DGCFA-E2017001914","E2017001914","HIDROELECTRICA EL VOLCAN s.a de c.v","VILMA ESTER COELLO RIVERA","EXONERACION DE PAGO DEL IMPUESTO SOBRE VENTAS CORRESPONDIENTE AL A?O 2018"
2018,1,"Energia Renovable","E-2M-2017000078","E2017000078","INVERSIONES LOS PINARES S.A. DE C.V.","ALEXA JAMALI ESPINAL MEZA","EXONERACION DE PAGO DEL IMPUESTO DENOMINADO APORTE PARA LA ATENCION A PROGRAMAS SOCIALES Y CONSERVACION DEL PATRIMONIO VIAL CORRESPONDIENTE AL PERIODO 2017"
2018,1,"Energia Renovable","E2017002028","E2017002028","ENERGIA CHUMBAGUA S. A. DE C. V","ERNESTO COLINDRES SEVILLA","EXONERACION DEL PAGO DEL IMPUESTO SOBRE LA RENTA ACTIVO NETO APORTACION SOLIDARIA E IMPUESTO DE GANANCIA DE CAPITAL Y DEMAS IMPUESTOS CONEXOS A LA RENTA PARA EL PERIODO FISCAL 2017"
2018,1,"Misiones Diplomaticas","DGCFA-EISV-M-0106-2013","E-0011-2013","EMBAJADA DE COLOMBIA",0,"MODIFICACION VIA AMPLIACION DE LA VIGENCIA DE LA RESOLUCION DE  EXONERACION DEL PAGO DE IMPUESTO SOBRE VENTAS"
2018,1,"ONG","E2017002079","E2017002079","SOCIEDAD INTERNACIONAL SAMPEDRANA ESCUELA EDUCACIONAL SAMPEDRANA","LINDA YANORI CACERES GONZALES","EXONERACION DEL PAGO DEL IMPUESTO SOBRE LA RENTA ACTIVO NETO Y APORTACION SOLIDARIA"
2018,1,"ONG","DGCFA-E2017002162","E2017002162","ASOCIACION DE PRODUCTORES AVICOLAS DE HONDURAS PROAVIH","MANUEL ENRIQUE MENCIA MELGAR","EXONERACION DEL PAGO DEL IMPUESTO SOBRE LA RENTA ACTIVO NETO Y APORTACION SOLIDARIA"
2018,1,"ONG","DGCFA-E2017000612","E2017000612","ASOCIACION DE DESARROLLO DE AREA DE SANTA BARBARA ADASBA","LILIAN ROSARIO LOPEZ GARCIA","EXONERACION DEL PAGO DEL IMPUESTO SOBRE LA RENTA Y LA RENTA DE CAPITAL CORRESPONDIENTE AL 10% SOBRE INTERESES BANCARIOS AL ACTIVO NETO Y TAMBIEN DE LA APORTACION SOLIDARIA"
2018,1,"ONG","DGCFA-EISR-0078-2017","E-0831-2016","PLAN INTERNACIONAL INC / PLAN HONDURAS","LILIAN ROSARIO LOPEZ GARCIA","EXONERACION DEL PAGO DEL IMPUESTO SOBRE LA RENTA RENTA DE CAPITAL CORRESPONDIENTE AL 10% SOBRE INTERESES BANCARIOS ACTIVO NETO Y APORTACION SOLIDARIA"
2018,1,"Organismos Internacionales","DGCFA-EISV-2M-A-0101-2015","E-0065-2015","BASE AEREA SOTO CANO","FREDY LEON CALLE GALLO","PRORROGA EN LA VIGENCIA de la Resolucion No. DGCFA-EISV-0101-2015 DE EXONERACION DE IMPUESTO DENOMINADO APORTE PARA LA ATENCION A PROGRAMAS SOCIALES Y CONSERVACION DEL PATRIMONIO VIAL.-"
2018,1,"Sector Publico","DGCFA-EISV-0002-2018","C-ISV-0011-2017","INSTITUTO HONDURE?O DE SEGURIDAD SOCIAL IHSS","FRANCISCO ANTONIO MONTOYA MARTINEZ","EXONERACION DE PAGO DEL IMPUESTO SOBRE VENTAS CORRESPONDIENTE AL PERIODO FISCAL 2018"
2018,1,"Sector Publico","DGCFA-E2017001009","E2017001009","EMPRESA NACIONAL DE ENERGIA ELECTRICA ENEE","KARLA IVONNE CACERES COLEMAN","EXONERACION DEL PAGO DE IMPUESTO SOBRE VENTAS  PARA EL PERIODO FISCAL 2017"
2018,1,"Sector Publico","DGCFA-EISV-4M-0269-2016","E-0648-2016","SERVICIO DE ADMINISTRACION DE RENTAS SAR","ANGELA MARIA MADRID","MODIFICACION VIA AMPLIACION DE LA RESOLUCION DE EXONERACION DE IMPUESTO SOBRE VENTAS"
2018,1,"Zolitur","E2017001637","E2017001637","INVERSIONES DEL CARIBE S.A. INVERCA","ANGELA AGUILAR PALENCIA","EXONERACION DE PAGO DEL IMPUESTO DENOMINADO APORTE PARA LA ATENCION A PROGRAMAS SOCIALES Y CONSERVACION DEL PATRIMONIO VIAL CORRESPONDIENTE AL PERIODO FISCAL 2018"
2018,1,"Zolt","DGCFA-E2017001735","E2017001735","COMIDAS TIPICAS S.A. DE C.V.","MIRIAN LIZETH BARAHONA VILLEDA","EXONERACION DEL PAGO DEL IMPUESTO SOBRE LA RENTA ACTIVO NETO Y APORTACION SOLIDARIA"
2018,1,"Zonas Libres","E-M-2017000856","E2017000856","ALPHA SERVICES & LOGISTICS S.A.","WALESKA YESSENIA RUIZ BETANCOURT","MODIFICACION VIA AMPLIACION Y PRORROGA EN LA VIGENCIA de la Resolucion de EXONERACION DE IMPUESTO SOBRE VENTAS CORRESPONDIENTE AL A?O 2017"
