No.;Número de Expediente;Nombre de Proyecto;Tipo de Licencia Operativa/Funcional;Fecha de Emisión de Licencia;Municipio ;Departamento;Sector 
1;2011-A-239;CONCESION MINERA NO METALICA JEHOVA JIREH;RENOVACION LICENCIA;7/1/2019;PETOA;SANTA BARBARA;MINERO
2;2006-A-664;CONSTRUCCION DE TORRE PARA TELEFONIA CELULAR  SITIO COLOSUCA;RENOVACION LICENCIA;7/1/2019;SAN MANUEL DE COLOHETE;LEMPIRA;TELECOMUNICACIONES
3;2003-A-366-A;INSTALACION DE ANTENA CORRREDOR CORTES  SITIO 05 DE ABRIL;RENOVACION LICENCIA;9/1/2019;PUERTO CORTES;CORTES;TELECOMUNICACIONES
4;2007-A-1010;INSTALACION DE ANTENA RIO TINTO;RENOVACION LICENCIA;9/1/2019;CATACAMAS;OLANCHO;TELECOMUNICACIONES
5;2008-A-363;INSTALACION DE ANTENA  LA PUZUNCA;RENOVACION LICENCIA;9/1/2019;JUTICALPA;OLANCHO;TELECOMUNICACIONES
6;2003-A-366-I;INSTALACION DE ANTENA  CORREDOR CORTES  SITIO VILLANUEVA I;RENOVACION LICENCIA;9/1/2019;VILLANUEVA;CORTES;TELECOMUNICACIONES
7;2005-A-63-P;INSTALACION DE ANTENAS SAN PEDRO SULA MEGATEL  SITIO EL ROBLE (LOS ALAMOS);RENOVACION LICENCIA;9/1/2019;SAN PEDRO SULA;CORTES;TELECOMUNICACIONES
8;2003-A-365-B;INSTALACION DE ANTENAS COPAN  MEGATEL  S. A. DE C. V.  (SITIO SRC-1  SANTA ROSA DE COPAN  BARRIO SANTA TERESA);RENOVACION LICENCIA;9/1/2019;SANTA ROSA ;COPAN;TELECOMUNICACIONES
9;2008-A-1974;INSTALACION DE ANTENA POCHOTE;RENOVACION LICENCIA;10/1/2019;CHOLUTECA;CHOLUTECA;TELECOMUNICACIONES
10;2008-A-428;EMPLAZAMIENTO DE CELDAS DE TELEFONIA CELULAR  SITIO CERRO BAÑADEROS;RENOVACION AUDITORIA;10/1/2019;PESPIRE;CHOLUTECA;TELECOMUNICACIONES
11;2008-A-1069;EMPLAZAMIENTO DE CELDAS DE TELEFONIA CELULAR  SITIO COLONIA ULLOA;RENOVACION LICENCIA;10/1/2019;DISTRITO CENTRAL;FRANCISCO MORAZAN;TELECOMUNICACIONES
12;2007-A-264;INSTALACION DE ANTENA LEPAERA;RENOVACION LICENCIA;10/1/2019;LEPAERA;LEMPIRA;TELECOMUNICACIONES
13;2008-A-1134;INSTALACION DE ANTENA CHINACLA  EN EL MUNICIPIO DE CHINACLA  DEPARTAMENTO DE LA PAZ  SERCOM. S. A. DE C. V. ;RENOVACION LICENCIA;10/1/2019;CHINACLA;LA PAZ;TELECOMUNICACIONES
14;2010-A-192;INSTALACION DE ANTENA INTIBUCA 02;RENOVACION LICENCIA;11/1/2019;INTIBUCA;INTIBUCA;TELECOMUNICACIONES
15;2008-A-627;EMPLAZAMIENTO DE CELDAS DE TELEFONIA CELULAR SITIO POTRERILLOS;RENOVACION LICENCIA;11/1/2019;POTRERILLOS;EL PARAISO;TELECOMUNICACIONES
16;2008-A-308;EMPLAZAMIENTO DE CELDAS DE TELEFONIA CELULAR SITIO LIMONES;RENOVACION LICENCIA;11/1/2019;JUTICALPA;OLANCHO;TELECOMUNICACIONES
17;2009-A-214;INSTALACION DE ANTENA CHUMBAGUA DEL MUNICIPIO DE SAN MARCOS  DEPARTAMENTO DE SANTA BARBARA  SERCOM  S. A. DE C. V.; AUDITORIA;11/1/2019;SAN MARCOS ;SANTA BARBARA;TELECOMUNICACIONES
18;2003-A-372-F;INSTALACION DE ANTENAS COMAYAGUA  MEGATEL   S. A. DE C. V. SITIO COMAYAGUA1;RENOVACION LICENCIA;11/1/2019;COMAYAGUA;COMAYAGUA;TELECOMUNICACIONES
19;2003-A-372-A;INSTALACION DE ANTENA SITIO  TAULABE;RENOVACION LICENCIA;11/1/2019;TAULABE;COMAYAGUA;TELECOMUNICACIONES
20;2016-LA-00002;GRANJA AVICOLA EL PORVENIR; AUDITORIA;14/1/2019;EL PORVENIR;FRANCISCO MORAZAN;AGROPECUARIO
21;SLAS-0000580-2017;ESTACION DE SERVICIO PUMA TRINIDAD;FUNCIONAL;15/1/2019;TRINIDAD;SANTA BARBARA;PETROLEO GAS E HIDROCARBUROS 
22;74-AA-2002;PLANTA LA MESA;REPOSICION  AUDITORIA;15/1/2019;SAN PEDRO SULA;CORTES;ENERGIA
23;2005-AA-432;ESTACION DE SERVICIO PUMA EL PEDREGAL;RENOVACION AUDITORIA;15/1/2019;DISTRITO CENTRAL;FRANCISCO MORAZAN;PETROLEO GAS E HIDROCARBUROS 
24;2008-A-1102;EMPLAZAMIENTO DE CELDAS DE TELEFONIA CELULAR  SITIO SANS SOUCI DESMEMBRADA DEL ANTIGUO SITIO DE SAN ISIDRO DEL TABLON (HN01300);RENOVACION LICENCIA;16/1/2019;DANLI;EL PARAISO;TELECOMUNICACIONES
25;2008-A-158;EMPLAZAMIENTO DE CELDAS DE TELEFONIA CELULAR  SITIO CALLE PRINCIPAL ;RENOVACION LICENCIA;16/1/2019;SAN FRANCISCO DE LA PAZ;OLANCHO;TELECOMUNICACIONES
26;2009-A-96;INSTALACION DE ANTENA SITIO GUALIQUEME;RENOVACION LICENCIA;16/1/2019;VADO ANCHO;EL PARAISO;TELECOMUNICACIONES
27;2003-A-366-E;INSTALACION DE ANTENA CORREDOR CORTES  SITIO INFOP 03;RENOVACION LICENCIA;21/1/2019;CHOLOMA;CORTES;TELECOMUNICACIONES
28;2003-A-366-D;INSTALACION DE ANTENA CORREDOR CORTES  SITIO LA VUELTA DEL CURA;RENOVACION LICENCIA;21/1/2019;CHOLOMA;CORTES;TELECOMUNICACIONES
29;2006-A-420 -C;INSTALACION DE UNA TORRE EN EL PROGRESO V   MUNICIPIO DE EL PROGRESO  DEPARTAMENTO DE YORO  SERCOM  S. A.;AUDITORIA;21/1/2019;EL PROGRESO;YORO;TELECOMUNICACIONES
30;2003-A-372-H;INSTALACION DE ANTENAS COMAYAGUA  MEGATEL  S. A. DE   C. V. SITIO EXCOSA (COMAYAGUA 6)  ;RENOVACION LICENCIA;21/1/2019;COMAYAGUA;COMAYAGUA;TELECOMUNICACIONES
31;2003-A-366-F;INSTALACION DE ANTENA CORREDOR CORTES  MEGATEL  S. A. DE   C. V.   (SITIO PROFESIONALES;RENOVACION LICENCIA;21/1/2019;CHOLOMA;CORTES;TELECOMUNICACIONES
32;SLAS-0000515-2017;JEFATURA DEPARTAMENTAL DE SANTA BARBARA;FUNCIONAL;21/1/2019;SANTA BARBARA;SANTA BARBARA;INFRAESTRUCTURA
33;2007-A-89;FIBRAS DEL CARIBE  S A. DE C. V.;RENOVACION LICENCIA;21/1/2019;VILLANUEVA;CORTES;INDUSTRIAL
34;41-A-2001;AMPLIACION ETAPA DOS (2) DE RESIDENCIAL BELLO HORIZONTE;AMPLIACION  LICENCIA;21/1/2019;CHOLOMA;CORTES;INFRAESTRUCTURA  CONSTRUCCION Y VIVIENDA
35;2005-A-406;GASOLINERA PUMA SUBIRANA;RENOVACION LICENCIA;22/1/2019;YORO;YORO;PETROLEO GAS E HIDROCARBUROS 
36;2011-A-189;MOLPEX  S. A. DE C. V. ;RENOVACION LICENCIA;22/1/2019;LA LIMA;CORTES;INFRAESTRUCTURA  CONSTRUCCION Y VIVIENDA
37;SLAS-0000075-2016;MAXI DESPENSA TOROCAGUA;FUNCIONAL;22/1/2019;DISTRITO CENTRAL;FRANCISCO MORAZAN;INFRAESTRUCTURA  CONSTRUCCION Y VIVIENDA
38;SLAS-0000188-2016;PUENTE SOBRE EL RIO PIOJO;FUNCIONAL;22/1/2019;MEAMBAR;COMAYAGUA;INFRAESTRUCTURA  CONSTRUCCION Y VIVIENDA
39;2015-LA-00359;INDUSTRIAS NORTEAMERICANAS  S. DE R. L.;AUDITORIA;22/1/2019;CHOLOMA;CORTES;INDUSTRIAL
40;SLAS-0000116-2016;AGROFORESTAL CACAO FARALLONES;FUNCIONAL;22/1/2019;LIMON;COLON;FORESTAL
41;2006-A-776;INSTALACION DE ANTENA COLONIA LOS PINOS;RENOVACION LICENCIA;22/1/2019;DISTRITO CENTRAL;FRANCISCO MORAZAN;TELECOMUNICACIONES
42;2005-A-589-G;INSTALACION DE ANTENAS EL PARAISO MEGATEL  SITIO JACALEAPA;AUDITORIA;22/1/2019;YUSCARAN;EL PARAISO;TELECOMUNICACIONES
43;2008-A-331;EMPLAZAMIENTO DE CELDAS DE TELEFONIA CELULAR  SITIO LA UNION;RENOVACION LICENCIA;22/1/2019;EL PORVENIR;ATLANTIDA;TELECOMUNICACIONES
44;2007-A-364;ELECTROQUIMICA DE HONDURAS  S. A. ;RENOVACION LICENCIA;23/1/2019;PUERTO CORTES;CORTES;INDUSTRIAL
45;SLAS-0000042-2018;HOTEL MORALES;FUNCIONAL;23/1/2019;COMAYAGUA;COMAYAGUA;INFRAESTRUCTURA  CONSTRUCCION Y VIVIENDA
46;2015-LA-003-UE;FINCA LA APINTAL;AUDITORIA;23/1/2019;NACAOME;VALLE;AGROPECUARIO
47;2009-A-370;DA- GAS JUTIAPA;RENOVACION LICENCIA;24/1/2019;JUTIAPA;ATLANTIDA;PETROLEO GAS E HIDROCARBUROS 
48;SLAS-0000041-2018;ESTACION DE SERVICIO TOMALA;FUNCIONAL;24/1/2019;JUTIAPA;ATLANTIDA;PETROLEO GAS E HIDROCARBUROS 
49;2014-LA-00154;FINCA CAMARONERA AQUAMAR;PROVISIONAL;24/1/2019;CHOLUTECA;CHOLUTECA;AGROPECUARIO
50;SLAS-0000597-2017;EOLICO LOS TABLONES/ SAN JUAN DE OJOJONA;FUNCIONAL;24/1/2019;OJOJONA;FRANCISCO MORAZAN;ENERGIA
51;2011-A-128;CONSTRUCCION DEL CENTRO COMERCIAL UNIPLAZA;RENOVACION LICENCIA;24/1/2019;SANTA ROSA DE COPAN;COPAN;INFRAESTRUCTURA  CONSTRUCCION Y VIVIENDA
52;2014-LA-00094;LOTIFICACION RESIDENCIAL ORDOÑEZ;LICENCIA;28/1/2019;LA CEIBA;ATLANTIDA;INFRAESTRUCTURA  CONSTRUCCION Y VIVIENDA
53;SLAS-0000038-2016;MAXI DESPENSA SANTA ROSA DE COPAN;FUNCIONAL;28/1/2019;SANTA ROSA DE COPAN;COPAN;INFRAESTRUCTURA  CONSTRUCCION Y VIVIENDA
54;SLAS-0000085-2018;CHT DE MEXICO;FUNCIONAL;28/1/2019;VILLANUEVA;CORTES;SERVICIOS
55;SLAS-0000587-2017;MARISCOS CANALES  S. DE R. L.;FUNCIONAL;28/1/2019;SAN LORENZO;VALLE;AGROPECUARIO
56;SLAS-0000131-2016;HGPC AGRICOLA  S. A. DE C. V. PARA CULTIVO DE KING GRASS  FINCA CORTESITO;FUNCIONAL;28/1/2019;OMOA;CORTES;AGROPECUARIO
57;2007-A-1026;CONSTRUCCION DE TORRE PARA TELEFONIA CELULAR  SITIO  MIRASOL  ;RENOVACION LICENCIA;29/1/2019;SANTA RITA;COPAN;TELECOMUNICACIONES
58;29-A-2002;GENERACION DE ENERGIA PARA 267.4 MW DE POTENCIA;RENOVACION LICENCIA;30/1/2019;CHOLUTECA;CHOLUTECA;ENERGIA
59;2003-A-374;INSTALACION DE ANTENA COLONIA ;RENOVACION LICENCIA;30/1/2019;SANTA BARBARA;SANTA BARBARA;TELECOMUNICACIONES
60;2003-A-366-H;INSTALACION DE ANTENAS SITIO CORREDOR CORTES  MEGATEL (POTRERILLOS);RENOVACION LICENCIA;30/1/2019;POTRERILLOS;CORTES;TELECOMUNICACIONES
61;2008-A-510;EMPLAZAMIENTO DE CELDAS DE TELEFONIA CELULAR  SITIO CERRO CARBAJALES;RENOVACION LICENCIA;30/1/2019;OLANCHITO;YORO;TELECOMUNICACIONES
62;2008-A-2069;EMPLAZAMIENTO DE CELDAS DE TELEFONIA CELULAR  SITIO MONTEMAR;AUDITORIA;30/1/2019;OMOA;CORTES;TELECOMUNICACIONES
63;2008-A-1809;INSTALACION DE ANTENA JAMALTECA DEL MUNICIPIO DE SAN JERONIMO  DEPARTAMENTO DE COMAYAGUA  SERCOM  S. A. DE C. V.;AUDITORIA;30/1/2019;SAN JERONIMO;COMAYAGUA;TELECOMUNICACIONES
64;2009-A-291;INSTALACION DE ANTENA LA FORTUNA;AUDITORIA;30/1/2019;TELA;ATLANTIDA;TELECOMUNICACIONES
65;2009-A-210;INSTALACION DE ANTENA SANTA CRUZ MINAS;AUDITORIA;31/1/2019;QUIMISTAN;SANTA BARBARA;TELECOMUNICACIONES
66;2006-A-419;INSTALACION DE ANTENAS  MUNICIPIO DE JESUS DE OTORO  DEPARTAMENTO DE INTIBUCA  SERCOM  S. A. DE C. V. PARA EL SITIO DE JESUS DE OTORO II;RENOVACION LICENCIA;31/1/2019;JESUS DE OTORO;INTIBUCA;TELECOMUNICACIONES
67;2006-A-420-B;INSTALACION DE UNA TORRRE PARA TELEFONIA MOVIL  SITIO EL PROGRESO VI  MUNICIPIO DE EL PROGRESO  DEPARTAMENTO DE YORO  SERCOM  S. A. DE C. V.;AUDITORIA;31/1/2019;EL PROGRESO;YORO;TELECOMUNICACIONES
68;2007-A-263;INSTALACION DE ANTENA JUTICALPA III  MUNICIPIO DE JUTICALPA DE PARTAMENTO DE OLANCHO;RENOVACION LICENCIA;31/1/2019;OLANCHO;JUTICALPA;TELECOMUNICACIONES
69;2008-A-1915;INSTALACION DE ANTENA VILLA SANTA  DEL MUNICIPIO DE DANLI  DEPARTAMENTO DE EL PARAISO  SERCOM  S. A. DE C. V.;AUDITORIA;6/2/2019;DANLI;EL PARAISO;TELECOMUNICACIONES
70;2006-A-513;INSTALACION DE ANTENA TEUPASENTI   MUNICIPIO DE TEUPASENTI  DEPARTAMENTO DE EL PARAISO  SERCOM  S. A. DE C. V.;RENOVACION LICENCIA;6/2/2019;TEUPASENTI;EL PARAISO;TELECOMUNICACIONES
71;2005-A-63-V;INSTALACION DE ANTENAS  SAN PEDRO SULA MEGATEL  SITIO PLANETA;RENOVACION LICENCIA;6/2/2019;SAN PEDRO SULA;CORTES;TELECOMUNICACIONES
72;2003-A-366-G;INSTALACION DE ANTENA CORREDOR CORTES  MEGATEL  S. A. DE   C. V.   (SITIO LAS PILAS 02);RENOVACION LICENCIA;6/2/2019;CHOLOMA;CORTES;TELECOMUNICACIONES
73;2008-A-1467;PARQUE LOGISTICO LAS TORRES;RENOVACION LICENCIA;6/2/2019;SAN PEDRO SULA;CORTES;INFRAESTRUCTURA  CONSTRUCCION Y VIVIENDA
74;2003-A-366-J;INSTALACION DE ANTENAS CORREDOR CORTES  MEGATEL  S. A. DE   C. V.  SITIO VILLANUEVA 02;RENOVACION LICENCIA;6/2/2019;VILLANUEVA;CORTES;TELECOMUNICACIONES
75;2003-A-371-B;INSTALACION DE ANTENA CORREDOR COLON  MEGATEL   SITIO BARRIO LOS LAURELES;RENOVACION LICENCIA;6/2/2019;TOCOA;COLON;TELECOMUNICACIONES
76;2008-A-1738;EMPLAZAMIENTO DE CELDAS DE TELEFONIA CELULAR  SITIO VIRGINIA (HN01610);AUDITORIA;6/2/2019;VIRGINIA;LEMPIRA;TELECOMUNICACIONES
77;2004-A-607;ACTUALIZACION DEL ESTUDIO DISEÑO FINAL  CONSTRUCCION Y SUPERVISION DEL CORREDOR LOGISTICO VILLA DE SAN ANTONIO -GOASCORAN;RENOVACION LICENCIA ;7/2/2019;LA MANI  SAN ANTONIO  AJUTERIQUE  SAN ANTONIO DEL NORTE  Y SAN JUAN  ARAMECINA  CARIDAD Y GOASCORAN;COMAYAGUA  LA PAZ  Y VALLE;INFRAESTRUCTURA  CONSTRUCCION Y VIVIENDA
78;SLAS-0000302-2016;LABORATORIOS KARNEL  S. A.;FUNCIONAL;12/2/2019;DISTRITO CENTRAL;FRANCISCO MORAZAN;INDUSTRIAL
79;2005-AA-652;GRANJA  PORCINA CER-AGRO;AUDITORIA;12/2/2019;DISTRITO CENTRAL;FRANCISCO MORAZAN;AGROPECUARIO
80;2003-A-371;INSTALACION DE ANTENA CORREDOR COLON  MEGATEL   SITIO CERRO POLITRON;RENOVACION  LICENCIA;12/2/2019;SONAGUERA;COLON;TELECOMUNICACIONES
81;2003-A-371-A;INSTALACION DE ANTENA CORREDOR COLON  MEGATEL   SITIO BARRIO BUENOS AIRES ;RENOVACION  LICENCIA;12/2/2019;TRUJILLO;COLON;TELECOMUNICACIONES
82;2003-A-372-D;INSTALACION DE ANTENA COMAYAGUA MEGATEL  S. A. DE C. V. SITIO GRANJA DELIA;RENOVACION  LICENCIA;12/2/2019;SIGUATEPEQUE;COMAYAGUA;TELECOMUNICACIONES
83;2003-A-372-K;INSTALACION DE ANTENAS COMAYAGUA MEGATEL  S. A. DE C. V. SITIO SAN SEBASTIAN;RENOVACION  LICENCIA;12/2/2019;COMAYAGUA;COMAYAGUA;TELECOMUNICACIONES
84;2003-A-365-C;INSTALACION DE ANTENA SITIO SANTA ROSA DE COPAN  BARRIO EL PROGRESO;RENOVACION  LICENCIA;12/2/2019;SANTA ROSA DE COPAN;COPAN;TELECOMUNICACIONES
85;2003-A-366;INSTALACION DE ANTENA CORREDOR CORTES MEGATEL  S. A. DE C. V. SITIO  BABILONIA 1;RENOVACION  LICENCIA;12/2/2019;SANTA CRUZ DE YOJOA;CORTES;TELECOMUNICACIONES
86;2005-A-63-C;INSTALACION DE ANTENA SAN PEDRO SULA MEGATEL  S. A. DE C. V. (SITIO  LA TREJO) ;RENOVACION  LICENCIA;12/2/2019;SAN PEDRO SULA;CORTES;TELECOMUNICACIONES
87;2005-A-63-S;INSTALACION DE ANTENA SAN PEDRO SULA MEGATEL   SITIO  CEMCOL ;RENOVACION  LICENCIA;12/2/2019;SAN PEDRO SULA;CORTES;TELECOMUNICACIONES
88;2012-LA-00304;CULTIVOS DE CAÑA DE AZUCAR  AZUCARERA LA GRECIA;AUDITORIA;13/2/2019;CHOLUTECA  MARCOVIA  SANTA ANA DE YUSGUARE  NAMASIGUE  EL TRIUNFO  Y NACAOME  ALIANZA  SAN LORENZO;CHOLUTECA Y VALLE;AGRICOLA
89;SLAS-0000487-2017;CONSTRUCCION PARQUE JUAN NICOLAS GODOY;FUNCIONAL;13/2/2019;CATACAMAS;OLANCHO;INFRAESTRUCTURA  CONSTRUCCION Y VIVIENDA
90;SLAS-0000510-2017;REPOSICION PLANTA DE TRATAMIENTO DE AGUAS RESIDUALES  HOSPITAL SAN ISIDRO;FUNCIONAL;13/2/2019;TOCOA;COLON;SANEAMIENTO
91;SLAS-0000227-2018;CONSTRUCCION RED DE AGUA POTABLE LEPAERA  LEMPIRA;FUNCIONAL;13/2/2019;LEPAERA;LEMPIRA;SANEAMIENTO
92;2009-A-79;GILDAN MAYAN TEXILES;LICENCIA;15/2/2019;CHOLOMA;CORTES;INDUSTRIAL
93;2003-A-373-E;INSTALACION DE ANTENA SAN PEDRO SULA MEGATEL   SITIO  CEMCOL ;RENOVACION  LICENCIA;18/2/2019;CAMPAMENTO;OLANCHO;TELECOMUNICACIONES
94;2003-A-366-B;INSTALACION DE ANTENA CORREDOR CORTES  SITIO AGUAS PRIETAS;RENOVACION  LICENCIA;18/2/2019;OMOA;CORTES;TELECOMUNICACIONES
95;2006-A-420;INSTALACION DE ANTENAS  MUNICIPIO DE EL PROGRESO   DEPARTAMENTO DE YORO  SERCOM  S. A. DE C. V.;AUDITORIA;18/2/2019;EL PROGRESO;YORO;TELECOMUNICACIONES
96;2006-A-813;INSTALACION DE  DOS ANTENAS  EN EL MUNICIPIO DE ESPARTA   DEPARTAMENTO DE ATLANTIDA  SERCOM  S. A. DE C. V. PARA LA ANTENA IDENTIFICADA COMO ESPARTA;RENOVACION  LICENCIA;18/2/2019;ESPARTA;ATLANTIDA;TELECOMUNICACIONES
97;2005-A-63-D;INSTALACION DE  ANTENA SAN PEDRO SULA MEGATEL  SITIO CALPULES (MONTE FRESCO);RENOVACION LICENCIA;18/2/2019;SAN PEDRO SULA;CORTES;TELECOMUNICACIONES
98;2005-A-63-J;INSTALACION DE  ANTENAS SAN PEDRO SULA MEGATEL  SITIO ALTAMIRA ;RENOVACION LICENCIA;19/2/2019;SAN PEDRO SULA;CORTES;TELECOMUNICACIONES
99;2005-A-63-A;INSTALACION DE  ANTENA SITIO LOS ALPES;RENOVACION LICENCIA;19/2/2019;SAN PEDRO SULA;CORTES;TELECOMUNICACIONES
100;2007-A-80;INSTALACION DE  ANTENA NISPERALES  BARACOA;RENOVACION  LICENCIA;19/2/2019;PUERTO CORTES;CORTES;TELECOMUNICACIONES
101;2005-A-63-F;INSTALACION DE  ANTENAS SAN PEDRO SULA MEGATEL  S. A. DE C. V. SITIO  SAN JORGE DE SULA;RENOVACION  LICENCIA;19/2/2019;SAN PEDRO SULA;CORTES;TELECOMUNICACIONES
102;2005-A-604-J;INSTALACION DE  ANTENAS COPAN MEGATEL  SITIO RIO AMARILLO ;AUDITORIA;19/2/2019;SANTA RITA;COPAN;TELECOMUNICACIONES
103;2003-A-375-C;INSTALACION DE  ANTENAS  YORO  MEGATEL  S. A. DE C. V. ( SITIO 4 YO_1) ;RENOVACION  LICENCIA;19/2/2019;YORO;YORO;TELECOMUNICACIONES
104;2006-A-548-A;INSTALACION DE  ANTENAS MUNICIPIO DE SANTA RITA  SITIO LA BARCA;RENOVACION  LICENCIA;20/2/2019;SANTA;YORO;TELECOMUNICACIONES
105;2005-A-63-O;INSTALACION DE  ANTENAS SAN PEDRO SULA  MEGATEL  SITIO EXPOCENTRO;RENOVACION  LICENCIA;20/2/2019;SAN PEDRO SULA;CORTES;TELECOMUNICACIONES
106;2005-A-63-U;INSTALACION DE  ANTENAS SAN PEDRO SULA  MEGATEL  SITIO PAZ BARAHONA;RENOVACION  LICENCIA;20/2/2019;SAN PEDRO SULA;CORTES;TELECOMUNICACIONES
107;2005-A-63-K;INSTALACION DE  ANTENA  SITIO JARDINES DEL VALLE;RENOVACION LICENCIA;20/2/2019;SAN PEDRO SULA;CORTES;TELECOMUNICACIONES
108;2005-A-63-Q;INSTALACION DE  ANTENAS  SAN PEDRO SULA MEGATEL  SITIO FESITRANH;RENOVACION LICENCIA;20/2/2019;SAN PEDRO SULA;CORTES;TELECOMUNICACIONES
109;2014-LA-00352;MACRO ESTACION SECADO Y BENEFICIADO DE CACAO PARA LA COOPERATIVA SAN FERNANDO;LICENCIA;21/2/2019;OMOA;CORTES;AGROPECUARIO
110;2003-A-367-F;INSTALACION DE  ANTENAS ATLANTIDA MEGATEL  S. A. DE C. V.  (SITIO 7 CEI_5);RENOVACION  LICENCIA;26/2/2019;LA CEIBA;ATLANTIDA;TELECOMUNICACIONES
111;2005-A-600-A;INSTALACION DE  ANTENA  SITIO  PEÑA BLANCA;AUDITORIA;26/2/2019;SANTA CRUZ DE YOJOA;CORTES;TELECOMUNICACIONES
112;2005-A-63-N;INSTALACION DE  ANTENAS  SAN PEDRO SULA  MEGATEL  S. A. DE C. V. SITIO  BELLA VISTA;RENOVACION LICENCIA;26/2/2019;SAN PEDRO SULA;CORTES;TELECOMUNICACIONES
113;2010-A-188;INSTALACION DE  ANTENA  SITIO  VERACRUZ;RENOVACION  LICENCIA;26/2/2019;VERACRUZ;COPAN;TELECOMUNICACIONES
114;2005-A-63-I;INSTALACION DE  ANTENAS  SAN PEDRO SULA  MEGATEL  SITIO  SATELITE;RENOVACION  LICENCIA;26/2/2019;SAN PEDRO SULA;CORTES;TELECOMUNICACIONES
115;2003-A-373-D;INSTALACION DE  ANTENAS OLANCHO MEGATEL   S. A. DE C. V. (SITIO CARRIZALITO 1);RENOVACION LICENCIA;27/2/2019;JUTICALPA;OLANCHO;TELECOMUNICACIONES
116;2003-A-375-E;INSTALACION DE  ANTENA YORO  MEGATEL DE HONDURAS   S. A. DE C. V. SITIO 06  (OLA 1) OLANCHITO;RENOVACION LICENCIA;27/2/2019;OLANCHITO;YORO;TELECOMUNICACIONES
117;2005-A-604-I;INSTALACION DE  ANTENAS COPAN  MEGATEL  SITIO  SANTA RITA;AUDITORIA;27/2/2019;SANTA RITA;COPAN;TELECOMUNICACIONES
118;2005-A-600-C;INSTALACION DE  ANTENA SANTA BARBARA MEGATEL  SITIO  CALLEJONES;AUDITORIA;27/2/2019;MACUELIZO;SANTA BARBARA;TELECOMUNICACIONES
119;2005-A-63-B;INSTALACION DE  ANTENAS SAN PEDRO SULA MEGATEL  SITIO  EL PEDREGAL;RENOVACION LICENCIA;27/2/2019;SAN PEDRO SULA;CORTES;TELECOMUNICACIONES
120;2005-A-63-R;INSTALACION DE  ANTENAS SAN PEDRO SULA MEGATEL  S. A.  DE  C. V. SITIO  LOMAS DEL CARMEN;RENOVACION  LICENCIA;27/2/2019;SAN PEDRO SULA;CORTES;TELECOMUNICACIONES
121;2006-A-548;INSTALACION DE  ANTENAS MUNICIPIO DE SANTA RITA   SITIO  SANTA RITA I;RENOVACION  LICENCIA;27/2/2019;SANTA RITA;YORO;TELECOMUNICACIONES
122;2006-A-518;INSTALACION DE TRES ANTENAS  MUNICIPIO DE TALANGA   DEPARTAMENTO DE FRANCISCO MORAZAN  SITIO LA ESPERANZA;RENOVACION  LICENCIA;27/2/2019;TALANGA;FRANCISCO MORAZAN;TELECOMUNICACIONES
123;2003-A-367-D;INSTALACION DE  ANTENA ATLANTIDA  MEGATEL  S. A. DE C. V. (SITIO 5  CEI_3  LA CEIBA);RENOVACION  LICENCIA;27/2/2019;LA CEIBA;ATLANTIDA;TELECOMUNICACIONES
124;2005-A-63-T;INSTALACION DE  ANTENAS SAN PEDRO SULA MEGATEL  S. A. DE C. V. SITIO LAS PALMAS ;RENOVACION  LICENCIA;28/2/2019;SAN PEDRO SULA;CORTES;TELECOMUNICACIONES
125;2005-A-63-E;INSTALACION DE  ANTENAS SAN PEDRO SULA MEGATEL   SITIO SATELITE;RENOVACION  LICENCIA;28/2/2019;SAN PEDRO SULA;CORTES;TELECOMUNICACIONES
126;2005-A-63-G;INSTALACION DE  ANTENAS SAN PEDRO SULA MEGATEL   SITIO VILLA OLIMPICA;RENOVACION  LICENCIA;28/2/2019;SAN PEDRO SULA;CORTES;TELECOMUNICACIONES
127;2005-A-604-H;INSTALACION DE  ANTENAS  COPAN  MEGATEL   SITIO  CERRO NEGRO;AUDITORIA;28/2/2019;SANTA RITA;COPAN;TELECOMUNICACIONES
128;2005-A-600-J;INSTALACION DE  ANTENA   SANTA BARBARA MEGATEL   SITIO  GUALALA;AUDITORIA;28/2/2019;SAN JOSE DE COLINAS;SANTA BARBARA;TELECOMUNICACIONES
129;2005-A-600-K;INSTALACION DE  ANTENAS   SANTA BARBARA   SITIO  TRINIDAD;AUDITORIA;28/2/2019;SAN JOSE DE COLINAS;SANTA BARBARA;TELECOMUNICACIONES
130;2005-A-600-G;INSTALACION DE  ANTENA   SANTA BARBARA   (QUIMISTAN);AUDITORIA;28/2/2019;QUIMISTAN;SANTA BARBARA;TELECOMUNICACIONES
131;2005-A-600-F;INSTALACION DE  ANTENA   SANTA BARBARA   SITIO EL CIRUELO;AUDITORIA;28/2/2019;QUIMISTAN;SANTA BARBARA;TELECOMUNICACIONES
132;2003-A-372-E;INSTALACION DE  ANTENA   SITIO ZARCIADERO;RENOVACION  LICENCIA;28/2/2019;SIGUATEPEQUE;COMAYAGUA;TELECOMUNICACIONES
133;2003-A-372-C;INSTALACION DE  ANTENA   SITIO BARRIO EL CENTRO;RENOVACION  LICENCIA;28/2/2019;SIGUATEPEQUE;COMAYAGUA;TELECOMUNICACIONES
134;2008-A-861;EMPLAZAMIENTO DE CELDAS DE TELEFONIA CELULAR  SITIO ALPES ABAJO;RENOVACION  LICENCIA;28/2/2019;JESUS DE OTORO;INTIBUCA;TELECOMUNICACIONES
135;2005-A-63-L;INSTALACION DE ANTENAS SAN PEDRO SULA MEGATEL  SITIO VILLAS MACKAY;RENOVACION  LICENCIA;28/2/2019;SAN PEDRO SULA;CORTES;TELECOMUNICACIONES
136;2006-A-11;CELDA DE TRANSMISION SITIO CERRO EL BRUJO;AUDITORIA;28/2/2019;JUTICALPA;OLANCHO;TELECOMUNICACIONES
137;2005-A-600-I;INSTALACION DE ANTENA SANTA  BARBARA  SITIO CHIMIZALES;AUDITORIA;28/2/2019;SAN JOSE DE COLINAS;SANTA BARBARA;TELECOMUNICACIONES
138;2005-A-604-B;INSTALACION DE ANTENAS  COPAN MEGATEL  SITIO CUCUYAGUA;AUDITORIA;28/2/2019;CUCUYAGUA;COPAN;TELECOMUNICACIONES
139;2005-A-604-C;INSTALACION DE ANTENAS  COPAN MEGATEL  SITIO SAN JERONIMO;AUDITORIA;28/2/2019;JERONIMO;COPAN;TELECOMUNICACIONES
140;2005-A-604-D;INSTALACION DE ANTENAS  COPAN MEGATEL  S.A. DE C. V. (SITIO CERRO EL CONAL);AUDITORIA;28/2/2019;SANTA ROSA DE COPAN;COPAN;TELECOMUNICACIONES
141;2004-A-158;GRUPO INDUSTRIAL RIO BLANQUITO;RENOVACION  LICENCIA;5/3/2019;CHOLOMA;CORTES;INDUSTRIAL
142;SLAS-0000220-2018;CELTEL DATA CENTER;FUNCIONAL;5/3/2019;DISTRITO CENTRAL;FRANCISCO MORAZAN;AGROPECUARIO
143;SLAS-0000069-2018;PLANTA PROCESADORA DE HUEVO LIQUIDO PASTEURIZADO;FUNCIONAL;12/3/2019;SANTA RITA;COPAN;TELECOMUNICACIONES
144;SLAS-0000301-2016;DROGUERIA KARNEL  S. A.;FUNCIONAL;12/3/2019;DISTRITO CENTRAL;FRANCISCO MORAZAN;INDUSTRIAL
145;SLAS-0000162-2016;FINCA PALMA ZOILABE;FUNCIONAL;12/3/2019;TELA ;ATLANTIDA;AGROPECUARIO
146;SLAS-0000260-2016;BENEFICIO HUMEDO APROCAER;FUNCIONAL;12/3/2019;LA UNION;COPAN;AGROPECUARIO
147;2003-A-373-C;INSTALACION DE ANTENA SITIO CATACAMAS 1;RENOVACION  LICENCIA;18/3/2019;CATACAMAS;OLANCHO;TELECOMUNICACIONES
148;2003-A-373-D;INSTALACION DE ANTENAS  OLANCHO  MEGATEL  S. A. DE C. V. (SITIO CARRIZALITO 1) ;RENOVACION  LICENCIA;18/3/2019;JUTICALPA;OLANCHO;TELECOMUNICACIONES
149;2003-A-377-B;INSTALACION DE ANTENAS  EL PARAISO   MEGATEL  S. A. DE C. V. (SITIO DANLI 02) ;RENOVACION  LICENCIA;18/3/2019;DANLI;EL PARAISO;TELECOMUNICACIONES
150;2015-LA-00128;AGRO INDUSTRIA LAEPE  S. A. (FABRICA DE PUROS);AUDITORIA;19/3/2019;DANLI;EL PARAISO;INDUSTRIAL
151;2003-A-367-C;INSTALACION DE ANTENAS  ATLANTIDA  MEGATEL  S. A. DE C. V.  (SITIO (CEI_1);RENOVACION  LICENCIA;18/3/2019;LA CEIBA;ATLANTIDA;TELECOMUNICACIONES
152;2003-A-375;INSTALACION DE ANTENAS YORO MEGATEL   SITIO 1  (PROG_03);RENOVACION  LICENCIA;19/3/2019;EL PROGRESO;YORO;TELECOMUNICACIONES
153;2006-A-811;INSTALACION DE ANTENA FRAY PEDRO  MUNICIPIO DE GUALACO  DEPARTAMENTO DE OLANCHO  SERCOM  S. A. DE  C. V.;AUDITORIA;19/3/2019;GUALACO;OLANCHO;TELECOMUNICACIONES
154;2005-A-604-A;INSTALACION DE ANTENAS COPAN   MEGATEL  SITIO LA ENTRADA;AUDITORIA;19/3/2019;NUEVA ARCADIA;COPAN;TELECOMUNICACIONES
155;2005-A-604-K;INSTALACION DE ANTENAS COPAN   MEGATEL  SITIO CERRO GRANDE;AUDITORIA;19/3/2019;SAN NICOLAS;COPAN;TELECOMUNICACIONES
156;2005-A-604-F;INSTALACION DE ANTENAS COPAN   MEGATEL  SITIO EL FLORIDO;AUDITORIA;19/3/2019;COPAN RUINAS;COPAN;TELECOMUNICACIONES
157;2003-A-375-B;INSTALACION DE ANTENA YORO  MEGATEL  S. A. DE C. V. SITIO 3  (PROG_4);AUDITORIA;19/3/2019;EL PROGRESO;YORO;TELECOMUNICACIONES
158;2006-A-316;URBANIZACION VILLAS DEL CARMEN OESTE;RENOVACION LICENCIA;20/3/2019;TELA;ATLANTIDA;INFRAESTRUCTURA  CONSTRUCCION Y VIVIENDA
159;2006-A-487;INSTALACION DE ANTENAS MUNICIPIO DE JUTICALPA  DEPARTAMENTO DE OLANCHO (SITIO VALLE DE LEPAGUARE);RENOVACION LICENCIA;20/3/2019;JUTICALPA;OLANCHO;TELECOMUNICACIONES
160;2006-A-551-A;INSTALACION DE ANTENAS MUNICIPIO DE TOCOA  DEPARTAMENTO DE COLON  SERCOM  S. A. DE  C. V. SITIO TOCOA II ;LICENCIA;20/3/2019;TOCOA;COLON;TELECOMUNICACIONES
161;2005-A-63-M;INSTALACION DE ANTENAS SAN PEDRO SULA  MEGATEL ;RENOVACION  LICENCIA;20/3/2019;SAN PEDRO SULA;CORTES;TELECOMUNICACIONES
162;2006-A-551-B;INSTALACION DE ANTENAS MUNICIPIO DE TOCOA  DEPARTAMENTO DE COLON  SERCOM ;RENOVACION  LICENCIA;20/3/2019;TOCOA;COLON;TELECOMUNICACIONES
163;2005-A-63;INSTALACION DE ANTENAS  SAN PEDRO SULA MEGATEL   SITIO EL ROBLE II (CURN) ;RENOVACION  LICENCIA;20/3/2019;SAN PEDRO SULA;CORTES;TELECOMUNICACIONES
164;2008-A-565;EMPLAZAMIENTO DE CELDAS DE TELEFONIA CELULAR  SITIO EL ZAPOTE ;RENOVACION  LICENCIA;20/3/2019;CONCORDIA;OLANCHO;TELECOMUNICACIONES
165;SLAS-0000325-2017;HGPC AGRICOLA  S. A. DE C. V. PARA CULTIVO DE KING GRASS  FINCA JUCUTUMA;FUNCIONAL;20/3/2019;SAN PEDRO SULA;CORTES;AGROPECUARIO
166;2007-A-142;ESTACION DE SERVICIO PUMA JESUS DE OTORO;RENOVACION  LICENCIA;20/3/2019;JESUS DE OTORO;INTIBUCA;PETROLEO GAS E HIDROCARBUROS 
167;13-AA-2001;ESTACION DE SERVICIO PUMA 21 DE OCTUBRE;REPOSICION  LICENCIA;21/3/2019;DISTRITO CENTRAL;FRANCISCO MORAZAN;PETROLEO GAS E HIDROCARBUROS 
168;2005-AA-311;EXPRESO COMERCIAL EXPRECO;RENOVACION   LICENCIA;21/3/2019;DISTRITO CENTRAL;FRANCISCO MORAZAN;INFRAESTRUCTURA  CONSTRUCCION Y VIVIENDA
169;SLAS-0000135-2016;GTM HONDURAS ZONA LIBRE  S. A. DE C. V.;FUNCIONAL;27/3/2019;CHOLOMA;CORTES;INFRAESTRUCTURA  CONSTRUCCION Y VIVIENDA
170;SLAS-0000525-2017;AMPLIACION DE PLAZA BOULEVARD MARCO TULIO RODRIGUEZ;FUNCIONAL;27/3/2019;GRACIAS;LEMPIRA;INFRAESTRUCTURA  CONSTRUCCION Y VIVIENDA
171;SLAS-0000361-2017;CONSTRUCCION CEIN COMAYAGUA;FUNCIONAL;27/3/2019;COMAYAGUA;COMAYAGUA;INFRAESTRUCTURA  CONSTRUCCION Y VIVIENDA
172;SLAS-0000168-2018;AMPLIACION ESCUELA DE AGRICULTURA VALLE DE SULA ;FUNCIONAL;27/3/2019;CHOLOMA;CORTES;INFRAESTRUCTURA  CONSTRUCCION Y VIVIENDA
173;SLAS-0000586-2017;CONSTRUCCION POLICLINICO  SAN FRANCISCO DE LA PAZ;FUNCIONAL;27/3/2019;SAN FRANCISCO DE LA PAZ;OLANCHO;INFRAESTRUCTURA  CONSTRUCCION Y VIVIENDA
174;2010-A-264;CONSTRUCCION DE TORRE PARA TELEFONIA CELULAR  SITIO BELLA VISTA  DANLI;RENOVACION LICENCIA;29/3/2019;DANLI;EL PARAISO;TELECOMUNICACIONES
175;2006-A-329;PRIDE CHEMICALS  S. DE R. L. DE C. V. ;RENOVACION LICENCIA;2/4/2019;QUIMISTAN;SANTA BARBARA;INDUSTRIAL 
176;2014-LA-00007;FINCA DE PRODUCCION DE CAMARON AQUACULTIVOS DE HONDURAS;AUDITORIA;2/4/2019;MARCOVIA;CHOLUTECA;AGROPECUARIO
177;2005-A-589-A;INSTALACION DE ANTENAS EL PARAISO MEGATEL  (SITIO LAS CRUCITAS) ;AUDITORIA;8/4/2019;POTRERILLOS;EL PARAISO;TELECOMUNICACIONES
178;2005-A-589-B;INSTALACION DE ANTENAS EL PARAISO MEGATEL  (SITIO EL PARAISO) ;AUDITORIA;8/4/2019;EL PARAISO;EL PARAISO;TELECOMUNICACIONES
179;2005-A-589-D;INSTALACION DE ANTENAS EL PARAISO MEGATEL  (SITIO LAS MANOS) ;AUDITORIA;8/4/2019;EL PARAISO;EL PARAISO;TELECOMUNICACIONES
180;2005-A-589-F;INSTALACION DE ANTENAS EL PARAISO MEGATEL  SITIO TEUPASENTI;AUDITORIA;8/4/2019;EL PARAISO;EL PARAISO;TELECOMUNICACIONES
181;2005-A-589-C;INSTALACION DE ANTENAS EL PARAISO MEGATEL  SITIO LASD CAÑAS (SOMPOPAL);AUDITORIA;8/4/2019;EL PARAISO;EL PARAISO;TELECOMUNICACIONES
182;2003-A-528;INSTALACION DE ANTENAS SAN PEDRO SULA   MEGATEL  S. A. DE C. V. (22 SITIOS);LICENCIA;9/4/2019;SAN PEDRO SULA;CORTES;TELECOMUNICACIONES
183;114-A-2000;CONCESION MINERA NO METALICA EL SOCORRO;REPOSICION LICENCIA;10/4/2019;TELA;ATLANTIDA;MINERO
184;SLAS-0000001-2018;CONSTRUCCION CAJA PUENTE GUALCEA;FUNCIONAL;10/4/2019;GUALCINCE;LEMPIRA;INFRAESTRUCTURA  CONSTRUCCION Y VIVIENDA
185;SLAS-0000101-2016;SOCIEDAD MERCANTIL  CLINICA DE CIRUGIA PLASTICA MIA  S.  DE R. L. DE C. V.;FUNCIONAL;11/4/2019;DISTRITO CENTRAL;FRANCISCO MORAZAN;INFRAESTRUCTURA  CONSTRUCCION Y VIVIENDA
186;2005-A-525;CELDA FLORIDA;RENOVACION LICENCIA;11/4/2019;JIGUA;COPAN;TELECOMUNICACIONES
187;2005-A-739;CONSTRUCCION DE TORRE PARA TELEFONIA CELULAR  SITIO  NACO II;RENOVACION LICENCIA;11/4/2019;QUIMISTAN;SANTA BARBARA;TELECOMUNICACIONES
188;2009-A-369;EMPLAZAMIENTO DE TORRE Y CELDAS DE TRANSMISION DE RADIO FRECUENCIAS DE TELEFONIA MOVIL  SITIO EL SAUCE CORTES;RENOVACION LICENCIA;11/4/2019;VILLANUEVA;CORTES;TELECOMUNICACIONES
189;2007-A-496;CONSTRUCCION DE TORRE PARA TELEFONIA CELULAR  SITIO ARENA BLANCA  JURISDICCION DEL MUNICIPIO DEL PROGRESO  DEPARTAMENTO DE YORO;RENOVACION LICENCIA;11/4/2019;EL PROGRESO;YORO;TELECOMUNICACIONES
190;2007-A-767;CONSTRUCCION DE TORRE PARA TELEFONIA CELULAR  SITIO FLORENCIA SUR;RENOVACION LICENCIA;11/4/2019;DISTRITO CENTRAL;FRANCISCO MORAZAN;TELECOMUNICACIONES
191;2008-A-799;CONSTRUCCION DE TORRE PARA TELEFONIA CELULAR  SITIO SESESMIL;RENOVACION LICENCIA;12/4/2019;COPAN RUINAS;COPAN;TELECOMUNICACIONES
192;2007-A-26;EMPLAZAMIENTO DE TORRE Y CELDAS DE TRANSMISION DE RADIO FRECUENCIAS DE TELEFONIA MOVIL  SITIO SAN CARLOS;RENOVACION LICENCIA;12/4/2019;OLANCHITO;YORO;TELECOMUNICACIONES
193;41-A-2001;AMPLIACION ETAPA DOS (2) DE RESIDENCIAL BELLO HORIZONTE;REPOSICION DE LICENCIA;23/4/2019;CHOLOMA;CORTES;INFRAESTRUCTURA  CONSTRUCCION Y VIVIENDA
194;SLAS-0000303-2016;ALMACENAMIENTO DE  COMBUSTIBLES (ESTACION DE SERVICIO EL DIAMANTE);FUNCIONAL;23/4/2019;LA CEIBA;ATLANTIDA;PETROLEO GAS E HIDROCARBUROS 
195;SLAS-0000099-2018;MEGAPLAZA PROGRESO;FUNCIONAL;23/4/2019;EL PROGRESO;YORO;INFRAESTRUCTURA  CONSTRUCCION Y VIVIENDA
196;SLAS-0000543-2017;PROYECTO SOLAR MEGA PLAZA MALL ROATAN;FUNCIONAL;24/4/2019;ROATAN;ISLAS DE LA BAHIA;ENERGIA
197;SLAS-0000624-2017;SANTA ROSA IV;FUNCIONAL;24/4/2019;SANTA ROSA DE COPAN;COPAN;TELECOMUNICACIONES
198;SLAS-0000254-2016;GRANJA AVICOLA LAS BRISAS;FUNCIONAL;25/4/2019;DANLI;EL PARAISO;AGROPECUARIO
199;SLAS-0000536-217;CONSTRUCCION  PARQUE RECREATIVO;FUNCIONAL;25/4/2019;GRACIAS;LEMPIRA;INFRAESTRUCTURA  CONSTRUCCION Y VIVIENDA
200;SLAS-0000399-2017;CONSTRUCCION CEIN SANTA ROSA DE COPAN;FUNCIONAL;25/4/2019;SANTA ROSA DE COPAN;COPAN;INFRAESTRUCTURA  CONSTRUCCION Y VIVIENDA
201;2007-A-981;CONSTRUCCION  DE TORRE PARA TELEFONIA CELULAR SITIO LA CUCHILLA;RENOVACION  LICENCIA;29/4/2019;FLORIDA;COPAN;TELECOMUNICACIONES
202;SLAS-0000169-2018;HOTEL ELVIR;FUNCIONAL;29/4/2019;SANTA ROSA DE COPAN;COPAN;INFRAESTRUCTURA  CONSTRUCCION Y VIVIENDA
203;2008-A-454;JUNTA DE RIOS;AUDITORIA;29/4/2019;SANTA DE COPAN;COPAN;MINERO
204;2004-A-473;LABORATORIO DE PRODUCTOS FARMACEUTICOS PHARMA INTERNACIONAL S.DE R.L.;RENOVACION  LICENCIA;30/4/2019;DISTRITO CENTRAL;FRANCISCO MORAZAN;INDUSTRIAL
205;2008-A-1251;EMPLAZAMIENTO DE TORRE Y CELDAS DE TRANSMISION DE RADIO FRECUENCIAS DE TELEFONIA MOVIL SITIO NACO PUEBLO  ALDEA COFRADIA;RENOVACION  LICENCIA;30/4/2019;SAN PEDRO SULA;CORTES;TELECOMUNICACIONES
206;2010-A-359;HOSPITAL SEMESUR;RENOVACION  LICENCIA;30/4/2019;CHOLUTECA;CHOLUTECA;INFRAESTRUCTURA  CONSTRUCCION Y VIVIENDA
207;2003-A-17;SIEMBRA DE PALMA AFRICANA;RENOVACION  LICENCIA;30/4/2019;TRUJILLO;COLON;AGROPECUARIO
208;SLAS-0000080-2018;ESTACION DE SERVICIO UNO SANTA ELENA;FUNCIONAL;30/4/2019;FLORIDA;COPAN;PETROLEO GAS E HIDROCARBUROS 
209;SLAS-0000562-2017;FRUVETSA;FUNCIONAL;30/4/2019;DISTRITO CENTRAL;FRANCISCO MORAZAN;INFRAESTRUCTURA  CONSTRUCCION Y VIVIENDA
210;SLAS-0000141-2016;LUBRIWASH MILASA;FUNCIONAL;30/4/2019;DISTRITO CENTRAL;FRANCISCO MORAZAN;SERVICIOS
211;SLAS-0000632-2017;COLONIA FIGUEROA;FUNCIONAL;6/5/2019;SANTA  ROSA DE COPAN;COPAN;TELECOMUNICACIONES
212;SLAS-0000619-2017;SANTA ROSA VI;FUNCIONAL;6/5/2019;SANTA ROSA DE COPAN;COPAN;TELECOMUNICACIONES
213;SLAS-0000596-2017;CONSTRUDECO No.1;FUNCIONAL;6/5/2019;DISTRITO CENTRAL;FRANCISCO MORAZAN;INDUSTRIAL 
214;SLAS-0000063-2016;DSD RADIODIAGNOSTICO;FUNCIONAL;6/5/2019;DISTRITO CENTRAL;FRANCISCO MORAZAN;INFRAESTRUCTURA  CONSTRUCCION Y VIVIENDA
215;SLAS-0000082-2016;DESPENSA FAMILIAR EL PARAISO;FUNCIONAL;6/5/2019;EL PARAISO;EL PARAISO;INFRAESTRUCTURA  CONSTRUCCION Y VIVIENDA
216;2007-A-818;CANTERA LA CRIBA;AUDITORIA;7/5/2019;SAN LORENZO;CHOLUTECA;MINERO
217;2005-A-297;ESTACION DE SERVICIO PUMA BOULEVARD DEL SUR;RENOVACION LICENCIA;7/5/2019;SAN PEDRO SULA;CORTES;PETROLEO GAS E HIDROCARBUROS 
218;096-A-2002;CULTIVOS DE PECES EN JAULAS FLOTANTES AQUAFINCA DOBLE COSECHA;REPOSICION  LICENCIA;7/5/2019;TAULABE;COMAYAGUA;AGROPECUARIO 
219;SLAS-0000315-2018;ESTACION EL MILAGRO  S. DE R. L.;FUNCIONAL;7/5/2019;VILLANUEVA;CORTES;PETROLEO GAS E HIDROCARBUROS 
220;2014-LA-00006;FINCA DE PRODUCCION DE CAMARONES LAS ARENAS;AUDITORIA;8/5/2019;MARCOVIA;CHOLUTECA;AGROPECUARIO
221;SLAS-0000155-2018;MOLIENDA MODULAR DE CEMENTO;FUNCIONAL;10/5/2019;CHOLOMA;CORTES;INDUSTRIAL
222;SLAS-0000083-2018;REHABILITACION DE TRAMO CARRETERO VIRREY-MACUELIZO-AZACUALPA-CON UNA LONGITUD APROXIMADA DE 10 KIM;FUNCIONAL;10/5/2019;MACUELIZO Y AZACUALPA;SANTA BARBARA;INFRAESTRUCTURA  CONSTRUCCION Y VIVIENDA
223;SLAS-0000151-2018;REPARACION INSTITUTO DOROTEO VARELA MEJIA;FUNCIONAL;13/5/2019;LA PAZ;LA PAZ;INFRAESTRUCTURA  CONSTRUCCION Y VIVIENDA
224;SLAS-0000157-2018;CANALIZACION DE AGUAS  PLUVIALES Y CONSTRUCCION DE MURO DE PROTECCION EN COLONIA LA PAZ  PARA REDUCCION DE RIESGO EN EL MUNICIPIO DE SAN FRANCISCO DE YOJOA;FUNCIONAL;13/5/2019;SAN FRANCISCO DE YOJOA;CORTES;INFRAESTRUCTURA  CONSTRUCCION Y VIVIENDA
225;SLAS-0000524-2017;CONSTRUCCION LINEA DE CONDUCCION DE AGUA POTABLE;FUNCIONAL;13/5/2019;CATACAMAS;OLANCHO;INFRAESTRUCTURA  CONSTRUCCION Y VIVIENDA
226;SLAS-0000172-2016;CONSTRUCCION REHABILITACION Y MEJORAMIENTO DE LA CARRETERA CA-5 SUR TEGUCIGALPA-JICARO GALAN  TRAMO JICARO GALAN LA VENTA DEL SUR;FUNCIONAL;13/5/2019;NACAOME  PESPIRE  SAN ANTONIO DE FLORES LA VENTA DEL SUR;VALLE  CHOLUTECA Y FRANCISCO MORAZANZ;INFRAESTRUCTURA  CONSTRUCCION Y VIVIENDA
227;SLAS-0000065-2016;MANEJO RECOLECCION  TRANSPORTE Y DISPOSCICION FINAL DE DESECHOS HOSPITALARIOS;FUNCIONAL;16/5/2019;DISTRITO CENTRAL;FRANCISCO MORAZAN;SANEAMIENTO
228;2005-A-412;CONSTRUCCION DE TORRE PARA TELEFONIA CELULAR  CELDA TROJES;RENOVACION  LICENCIA;16/5/2019;TROJES;EL PARAISO;TELECOMUNICACIONES
229;SLAS-0000479-2017;THE ACADEMY DEL CAMPO INTERNATIONAL;FUNCIONAL;16/5/2019;DISTRITO CENTRAL;FRANCISCO MORAZAN;INFRAESTRUCTURA  CONSTRUCCION Y VIVIENDA
230;SLAS-0000480-2017;DEL CAMPO INTERNATIONAL SCHOOL;FUNCIONAL;16/5/2019;DISTRITO CENTRAL;FRANCISCO MORAZAN;INFRAESTRUCTURA  CONSTRUCCION Y VIVIENDA
231;SLAS-0000134-2018;ESTACION DE SERVICIOS TEXACO MIRAMONTES;FUNCIONAL;16/5/2019;CHOLUTECA;CHOLUTECA;PETROLEO GAS E HIDROCARBUROS 
232;SLAS-0000382-2017;PLANTEL DE CONCRETO;FUNCIONAL;16/5/2019;DISTRITO CENTRAL;FRANCISCO MORAZAN;INDUSTRIAL
233;SLAS-0000287-2016;TABACOS DE DANLI  S. A. DE C. V. ;FUNCIONAL;21/5/2019;DANLI;EL PARAISO;AGROPECUARIO
234;SLAS-0000173-2016;AVICOLA GANADERA SAN ANTONIO  S. DE R. L. DE C. V.;FUNCIONAL;21/5/2019;TRINIDA DE COPAN;COPAN;AGROPECUARIO
235;2009-A-662;PLANTA DE ACOPIO Y DISTRIBUCION DE GLP;RENOVACION LICENCIA;21/5/2019;DISTRITO CENTRAL;FRANCISCO MORAZAN;INFRAESTRUCTURA  CONSTRUCCION Y VIVIENDA
236;2007-A-627;PLANTA PURIFICADORA DE AGUA BEBIDAS MODERNAS;REPOSICION DE RENOVACION LICENCIA;21/5/2019;SANTA ANA;FRANCISCO MORAZAN;INDUSTRIAL
237;2011-A-371;HOTEL SANTA FE;RENOVACION LICENCIA;21/5/2019;SANTA ROSA DE COPAN;COPAN;INFRAESTRUCTURA  CONSTRUCCION Y VIVIENDA
238;SLAS-000070-2018;SISTEMA DE ALCANTARILLADO SANITARIO Y ESTACION DEPURADORA DE AGUAS RESIDUALES EN EL CASCO URBANO DEL MUNICIPIO DE SAN JOSE  LA PAZ;FUNCIONAL;22/5/2019;SAN JOSE;L A PAZ;SANEAMIENTO
239;SLAS-0000057-2016;FINCA AGRICOLA LA AURORA;FUNCIONAL;23/5/2019;SAN LORENZO;VALLE;AGROPECUARIO
240;SLAS-0000292-2016;AMPLIACION CEB HIBUERAS Y JARDIN DE NIÑOS DULCE INFANCIA;FUNCIONAL;23/5/2019;SANTA ELENA;LA PAZ;INFRAESTRUCTURA  CONSTRUCCION Y VIVIENDA
241;SLAS-0000389-2017;CONSTRUCCION DE ALCANTARILLADO Y PLANTA DE AGUAS RESIDUALES DE LA COLONIA SAN JOSE DEL CANADA;FUNCIONAL;23/5/2019;CHOLUTECA;CHOLUTECA;SANEAMIENTO
242;SLAS-000014-2018;AMPLIACION CESAMO;FUNCIONAL;24/5/2019;LA CEIBA;ATLANTIDA;INFRAESTRUCTURA  CONSTRUCCION Y VIVIENDA
243;SLAS-0000161-2016;CONSTRUCCION DE PUENTE SOBRE EL RIO HUMUYA;FUNCIONAL;24/5/2019;COMAYAGUA;COMAYAGUA;INFRAESTRUCTURA  CONSTRUCCION Y VIVIENDA
244;SLAS-0000193-2018;REHABILITACION DE CAMINO RURAL TERCIARIO EN TRAMOS:TAPATOCA-AGUA TIBIA  TAPATOCA-RIO EL RINCON  CRUCITAS-LA BARRANCA;FUNCIONAL;24/5/2019;PESPIRE Y CHOLUTECA;CHOLUTECA;INFRAESTRUCTURA  CONSTRUCCION Y VIVIENDA
245;SLAS-0000291-2018;REHABILITACION Y MANTENIMIENTO DE RED VIAL DE TERRACERIA TRAMOS: DESVIO HORCONCILLOS-SANTA JUANA TRAMO: LIMITE TAMBLA- EL ZAPOTE-AZACUALPA-ALDEA NUEVA TRAMO : ALDEA NUEVA  EL MOROO-ZUNCUYO-SAN CRISTOBAL Y TRAMO: SAN JUAN-SANTA JUANA;FUNCIONAL;27/5/2019;TOMALA;LEMPIRA;INFRAESTRUCTURA  CONSTRUCCION Y VIVIENDA
246;SLAS-0000195-2018;REMODELACION LABORATORIO DE SENASA;FUNCIONAL;27/5/2019;SANTA ROSA DE COPAN;COPAN;INDUSTRIAL
247;2008-A-1462;RESIDENCIAL LA HACIENDA;RENOVACION LICENCIA;27/5/2019;SAN PEDRO SULA;CORTES;INFRAESTRUCTURA  CONSTRUCCION Y VIVIENDA
248;SLAS-0000187-2018;REMODELACION LABORATORIO DE SENASA  CONTROL DE CALIDAD DE PLAGUICIDAS Y FORMULADOS;FUNCIONAL;27/5/2019;DISTRITO CENTRAL;FRANCISCO MORAZAN;INDUSTRIAL
249;SLAS-0000194-2018;REMODELACION LABORATORIO DE SENASA;FUNCIONAL;28/5/2019;LA CEIBA;ATLANTIDA;INDUSTRIAL
250;2006-A-413;URBANIZACION LOS HIDALGOS;FUNCIONAL;30/5/2019;DISTRITO CENTRAL;FRANCISCO MORAZAN;INFRAESTRUCTURA  CONSTRUCCION Y VIVIENDA
251;2006-A-413;URBANIZACION LOS HIDALGOS II FASE;FUNCIONAL;30/5/2019;DISTRITO CENTRAL;FRANCISCO MORAZAN;INFRAESTRUCTURA  CONSTRUCCION Y VIVIENDA
252;SLAS-0000152-2018;REPARACION ESCUELA AGRICOLA LUIS LANDA;FUNCIONAL;30/5/2019;NACAOME;VALLE;INFRAESTRUCTURA  CONSTRUCCION Y VIVIENDA
253;SLAS-0000207-2018;REHABILITACION DEL TRAMO AZACUALPA-SAN LORENZO;FUNCIONAL;30/5/2019;CANDELARIA;LEMPIRA;INFRAESTRUCTURA  CONSTRUCCION Y VIVIENDA
254;SLAS-0000156-2018;REHABILITACION DEL TRAMO GUALMURUCA CAÑADAS;FUNCIONAL;30/5/2019;CANDELARIA;LEMPIRA;INFRAESTRUCTURA  CONSTRUCCION Y VIVIENDA
255;SLAS-0000161-2018;REHABILITACION DEL TRAMO AZACUALPA-BUENA VISTA;FUNCIONAL;30/5/2019;CANDELARIA;LEMPIRA;INFRAESTRUCTURA  CONSTRUCCION Y VIVIENDA
256;SLAS-0000529-2017;PLANTEL DE ESTACIONAMIENTO Y OFICINA ADMINISTRATIVA DE TRANSPORTES ESPECIALIZADOS DE CENTRO AMERICA  S. DE R. L.;FUNCIONAL;30/5/2019;SANTA ANA;FRANCISCO MORAZAN;INFRAESTRUCTURA  CONSTRUCCION Y VIVIENDA
257;2007-A-1091;INSETUR  HOTEL MONTEOLIVOS;RENOVACION LICENCIA;30/5/2019;SAN PEDRO SULA;CORTES;INFRAESTRUCTURA  CONSTRUCCION Y VIVIENDA
258;2012-LA-00104;ESTACION DE SERVICIO UNO SUYAPA;AUDITORIA;4/6/2019;LA CEIBA;ATLANTIDA;PETROLEO GAS E HIDROCARBUROS 
259;2003-A-114;SACOS AGROINDUSTRIALES DE HONDURAS  S. A. DE C. V.;RENOVACION DE LICENCIA;6/6/2019;SAN PEDRO SULA;CORTES;INDUSTRIAL
260;2009-A-710;DA GAS ILAMAPA;RENOVACION DE LICENCIA;7/6/2019;DISTRITO CENTRAL;FRANCISCO MORAZAN;PETROLEO GAS E HIDROCARBUROS 
261;2005-A-563;DIKIES DE HONDURAS  S. A.;RENOVACION DE LICENCIA;7/6/2019;CHOLOMA;CORTES;INDUSTRIAL
262;SLAS-0000516-2017;RESIDENCIAL COLINA CAMPESTRE;FUNCIONAL;7/6/2019;DANLI;EL PARAISO;INFRAESTRUCTURA  CONSTRUCCION Y VIVIENDA
263;SLAS-000057-2018;SECADORA DE GRANO DE CAFÉ GAITAN;FUNCIONAL;7/6/2019;EL PARAISO;EL PARAISO;AGROPECUARIO
264;SLAS-0000129-2018; SUPERMERCADOS LA COLONIA SAN LORENZO;FUNCIONAL;7/6/2019;SAN LORENZO;VALLE;INFRAESTRUCTURA  CONSTRUCCION Y VIVIENDA
265;SLAS-0000592-2017; SUPERMERCADOS LA COLONIA CHOLUTECA TIENDA #15;FUNCIONAL;7/6/2019;CHOLUTECA;CHOLUTECA;INFRAESTRUCTURA  CONSTRUCCION Y VIVIENDA
266;2003-A-527;METROMALL  S. A. DE C. V.;RENOVACION LICENCIA;10/6/2019;DISTRITO CENTRAL;FRANCISCO MORAZAN;INFRAESTRUCTURA  CONSTRUCCION Y VIVIENDA
267;2011-A-221;EXTRACCION DE MATERIALES  PARA LA CONSTRUCCION LOS CASTAÑOS;RENOVACION LICENCIA;12/6/2019;SAN PEDRO SULA;CORTES;MINERO
268;SLAS-0000074-2016;ASERRADERO VILLA SANTA;FUNCIONAL;12/6/2019;DANLI;EL PARAISO;FORESTAL
269;SLAS-0000211-2018;APERTURA DE CARRETERA SANBUENAVENTURA CENTRO-QUBRADITAS;FUNCIONAL;12/6/2019;SAN BUENAVENTURA;FRANCISCO MORAZAN;INFRAESTRUCTURA  CONSTRUCCION Y VIVIENDA
270;SLAS-0000277-2016;CONSTRUCCION DE PASO A DESNIVEL ACCESO A COL. AMERICA-BULEVA  COMUNIDAD ECONOMICA EUROPEA;FUNCIONAL;12/6/2019;DISTRITO CENTRAL;FRANCISCO MORAZAN;INFRAESTRUCTURA  CONSTRUCCION Y VIVIENDA
271;SLAS-0000190-2018;REMODELACION LABORATORIO DE SENASA;FUNCIONAL;12/6/2019;OLANCHITO;YORO;INDUSTRIAL
272;SLAS-000064-2018;INDUSTRIA FORESTAL DEL ATLANTICO  S.A. ;FUNCIONAL;12/6/2019;YORO;YORO;FORESTAL
273;SLAS-0000106-2019;ESTACION DE SERVICIO SUPER 10;FUNCIONAL;17/6/2019;SAN LUIS;COMAYAGUA;PETROLEO GAS E HIDROCARBUROS 
274;SLAS-0000160-2018;SULACO;FUNCIONAL;;SULACO ;YORO;
275;SLAS-0000127-2018;LABORATORIO CLINICO CACERES;FUNCIONAL;17/6/2019;COMAYAGUA;COMAYAGUA;INFRAESTRUCTURA  CONSTRUCCION Y VIVIENDA
276;SLAS-0000096-2018;TRANSPORTES VARELA SANCHEZ;FUNCIONAL;17/6/2019;DISTRITO CENTRAL;FRANCISCO MORAZAN;INFRAESTRUCTURA  CONSTRUCCION Y VIVIENDA
277;SLAS-0000124-2018;GRANJA AVICOLA EL TIGRE;FUNCIONAL;17/6/2019;SANTA CRUZ DE YOJOA;CORTES;AGROPECUARIO
278;SLAS-0000166-2018;RESIDENCIAL MONTE ALTO;FUNCIONAL;17/6/2019;DISTRITO CENTRAL;FRANCISCO MORAZAN;INFRAESTRUCTURA  CONSTRUCCION Y VIVIENDA
279;SLAS-0000188-2018;REMODELACION LABORATORIO DE SENASA;FUNCIONAL;17/6/2019;JUTICALPA;OLANCHO;INDUSTRIAL
280;SLAS-0000218-2018;MANTENIMIENTO Y REHABILITACION DE CAMINO RURAL TERCIARIO EN TRAMOS:  SANTA TERESA-GUACUTAO -RANCHO OBISPO-POSA VERDE;FUNCIONAL;17/6/2019;SAN MANUEL DE  COLOHETE;LEMPIRA;INFRAESTRUCTURA  CONSTRUCCION Y VIVIENDA
281;SLAS-0000203-2019;MANTENIMIENTO Y REHABILITACION DE CAMINO RURAL TERCIARIO EN TRAMOS:  SAN JOSE-SAN MARTIN-FLORIDA Y TRAMO PEDERNAL -GUASCOTORO;FUNCIONAL;17/6/2019;SAN JOSE;LA PAZ;INFRAESTRUCTURA  CONSTRUCCION Y VIVIENDA
282;SLAS-0000192-2018;REHABILITACION DE CAMINO RURAL TECRECERIO EN TRAMOS: VILLA DE SAN FRANCISCO-COYOLITO-PAJUIN  COYOLITO-CAPIRO  COYOLITO LAS PAVAS  COYOLITO-EL CAMPO;FUNCIONAL;17/6/2019;LA VILLADE SAN FRANCISCO;FRANCISCO MORAZAN;INFRAESTRUCTURA  CONSTRUCCION Y VIVIENDA
283;2009-A-193;RESIDENCIAL LOS JICAROS;RENOVACION LICENCIA;18/6/2019;SAN PEDRO SULA;CORTES;INFRAESTRUCTURA  CONSTRUCCION Y VIVIENDA
284;2012-LA-00054;PURIFICADORA AGUA DE LA VILLA;RENOVACION LICENCIA;20/6/2019;VILLANUEVA;CORTES;SANEAMIENTO
285;392-AA-2000;ESTACION DE SERVICIO TEXACO GUANACASTE;REPOSICION DE AUDITORIA;20/6/2019;DISTRITO CENTRAL;FRANCISCO MORAZAN;PETROLEO GAS E HIDROCARBUROS 
286;2012-AA-00103;PREDIO SBH EL TIZATILLO;AUDITORIA;20/6/2019;DISTRITO CENTRAL;FRANCISCO MORAZAN;INFRAESTRUCTURA  CONSTRUCCION Y VIVIENDA
287;2013-LA-00418;HELECHOS DE HONDURAS  S. DE R. L.;RENOVACION LICENCIA;21/6/2019;SANTA CRUZ DE YOJOA;CPRTES;AGROPECUARIO
288;2007-A-1150;IGLESIA MINISTERIO CRISTIANO RESTAURACION FAMILIAR;RENOVACION LICENCIA;24/6/2019;DISTRITO CENTRAL;FRANCISCO MORAZAN;INFRAESTRUCTURA  CONSTRUCCION Y VIVIENDA
289;2015-LA-00276;CORPORACION KARMANDAR  S. A. DE C. V.; AUDITORIA;26/6/2019;SANTA  CRUZ DE YOJOA ;CORTES;INDUSTRIAL 
290;SLAS-0000478-2017;SAN SEBASTIAN;FUNCIONAL;26/6/2019;SAN SEBASTIAN;COMAYAGUA;AGROPECUARIO
291;2012-LA-00355;MATENIMIENTO MAYOR DE LAS CENTRALES HIDROELECTRICAS CAÑAVERAL Y RIO LINDO;RENOVACION LICENCIA;26/6/2019;SAN FRANCISCO DE YOJOA;CORTES;INDUSTRIAL
292;SLAS-0000123-2018;GRANJA AVICOLA AMAPA;FUNCIONAL;26/6/2019;SAN FRANCISCO DE YOJOA;CORTES;AGROPECUARIO
293;SLAS-0000216-2018;PAVIMENTACION KILOMETRO MUNICIPAL EN CASCO URBANO;FUNCIONAL;26/6/2019;CANDELARIA;LEMPIRA;INFRAESTRUCTURA  CONSTRUCCION Y VIVIENDA
294;SLAS-0000271-2016;SISTEMA ENERGIA SOLAR FOTOVOLTAICA;FUNCIONAL;26/6/2019;DISTRITO CENTRAL;FRANCISCO MORAZAN;ENERGIA
295;SLAS-0000217-2018;NIVO LOMAS;FUNCIONAL;26/6/2019;DISTRITO CENTRAL;FRANCISCO MORAZAN;INFRAESTRUCTURA  CONSTRUCCION Y VIVIENDA
296;SLAS-0000377-2017;RELLENO SANITARIO DE LA CIUDAD DE EL PARAISO;FUNCIONAL;26/6/2019;EL PARAISO;EL PARAISO;SANEAMIENTO
297;SLAS-0000100-2018;MEJORAS Y AMPLIACIONES DEL SISTEMA DE AGUA POTABLE DE LA CIUDAD DE COMAYAGUA;FUNCIONAL;26/6/2019;COMAYAGUA;COMAYAGUA;SANEAMIENTO
298;2004-A-188;CANTERA SAPADRIL;RENOVACION LICENCIA;27/6/2019;PUERTO CORTES;CORTES;MINERO
299;SLAS-0000287-2018;TECNISERVICIOS DE INGENIERIA  S. DE R. L.;FUNCIONAL;27/6/2019;SAN MANUEL;CORTES;FORESTAL
300;SLAS-0000575-2017;PRODUCCION DE BIOMASA;FUNCIONAL;2/7/2019;LA LIMA;CORTES;FORESTAL
301;SLAS-0000198-2018;ENGORDE DE GANADO;FUNCIONAL;2/7/2019;VILLA DE SAN ANTONIO;COMAYAGUA;AGROPECUARIO
302;059-AA-2002;INSTALACION DE COMBUSTIBLE DE AVIACION PETRONOR;REPOSICION AUDITORIA;5/7/2019;LA CEIBA;ATLANTIDA;PETROLEO GAS E HIDROCARBUROS 
303;SLAS-0000111-2018;BENEFICIO ECOLOGICO Y SECADORA DE CAFÉ COCAJUNTAL;FUNCIONAL;5/7/2019;LUCERNA;OCOTEPEQUE;AGROPECUARIO
304;SLAS-0000252-2018;CENTRO CIUDAD MUJER JUTICALPA;FUNCIONAL;5/7/2019;JUTICALPA;OLANCHO;INFRAESTRUCTURA  CONSTRUCCION Y VIVIENDA
305;SLAS-0000270-2018;JARDINES DE PAZ SUYAPA;FUNCIONAL;9/7/2019;DISTRITO CENTRAL;FRANCISCO MORAZAN;INFRAESTRUCTURA  CONSTRUCCION Y VIVIENDA
306;SLAS-0000254-2018;SERVICIO DE CREMACION JARDINES LA AUXILIADORA  S. A. DE C. V. ;FUNCIONAL;9/7/2019;DISTRITO CENTRAL;FRANCISCO MORAZAN;INFRAESTRUCTURA  CONSTRUCCION Y VIVIENDA
307;257-A-97;ESTACION DE SERVICIO PUMA JACALEAPA;REPOSICION LICENCIA;9/7/2019;DISTRITO CENTRAL;FRANCISCO MORAZAN;PETROLEO GAS E HIDROCARBUROS 
308;SLAS-0000146-2018;COMERCIALIZADORA PDK  S. A. DE C. V.;FUNCIONAL;9/7/2019;DISTRITO CENTRAL;FRANCISCO MORAZAN;SERVICIOS
309;2015-LA-00061;PROAGRO  S. A. DE C. V.;AUDITORIA;9/7/2019;DISTRITO CENTRAL;FRANCISCO MORAZAN;INDUSTRIAL
310;2004-A-176;ESTACION DE SERVICIO UNO EL POLVORIN;FUNCIONAL;10/7/2019;SAN PEDRO SULA;CORTES;PETROLEO GAS E HIDROCARBUROS 
311;SLAS-0000162-2018;RESIDENCIAL SANTA LUCIA;FUNCIONAL;10/7/2019;VILLANUEVA;CORTES;INFRAESTRUCTURA  CONSTRUCCION Y VIVIENDA
312;2015-LA-00275;ALCANTARILLADO SANITARIO Y SISTEMA DE TRATAMIENTO DE AGUAS RESIDUALES PARA LA ALDEA EL JICARITO;LICENCIA;10/7/2019;SAN ANTONIO DE ORIENTE;FRANCISCO MORAZAN;SANEAMIENTO
313;56-A-2000;EXPANSION DE LA PLANTA DE CEMENTOS DEL NORTE  NUEVA LINEA DE PRODUCCION;RENOVACION LICENIA;10/7/2019;CHOLOMA;CORTES;INDUSTRIA
314;2009-A-285;GASOLINERA EL CUBULERO;RENOVACION    LICENIA;10/7/2019;ALIANZA;VALLE;PETROLEO GAS E HIDROCARBUROS 
315;SLAS-0000009-2018;ESTACION DE SERVICIO JUCUTUMA;FUNCIONAL;10/7/2019;SAN PEDRO SULA;CORTES;PETROLEO GAS E HIDROCARBUROS 
316;SLAS-0000137-2018;LA COLONIA COMAYAGUA #2;FUNCIONAL;11/7/2019;COMAYAGUA;COMAYAGUA;INFRAESTRUCTURA  CONSTRUCCION Y VIVIENDA
317;SLAS-0000166-2016;FABRICA DE BLOQUES Y ADOQUINES;FUNCIONAL;11/7/2019;COMAYAGUA;COMAYAGUA;INDUSTRIAL
318;2011-A-182;LLANOS DE CARMEL;RENOVACION LICENCIA;11/7/2019;DANLI;EL PARAISO;INFRAESTRUCTURA  CONSTRUCCION Y VIVIENDA
319;SLAS-0000072-2018;MAXI DESPENSA CHOLOMA;FUNCIONAL;11/7/2019;CHOLOMA;CORTES;INFRAESTRUCTURA  CONSTRUCCION Y VIVIENDA
320;SLAS-0000249-2018;MAXI DESPENSA LOPEZ ARELLANO;FUNCIONAL;11/7/2019;CHOLOMA;CORTES;INFRAESTRUCTURA  CONSTRUCCION Y VIVIENDA
321;SLAS-000118-2018; DESPENSA FAMILIAR LA PLANETA;FUNCIONAL;11/7/2019;LA LIMA;CORTES;INFRAESTRUCTURA  CONSTRUCCION Y VIVIENDA
322;SLAS-0000177-2016;PLAZA DE PLANTA PARA LA GENERACIN DE ENERGIA ELECTRICA;FUNCIONAL;12/7/2019;ROATAN;ISLAS DE LA BAHIA;ENERGIA
323;SLAS-0000200-2018;RESIDENCIAL ALTOS DE TRAPICHE VI ETAPA   (B);FUNCIONAL;19/7/2019;DISTRITO CENTRAL;FRANCISCO MORAZAN;INFRAESTRUCTURA  CONSTRUCCION Y VIVIENDA
324;2016-AA-00005;ESTACION DESERVICIO  PETROSUN COXEN HOLE;REPOSICION AUDITORIA;22/7/2019;ROATAN;ISLAS DE LA BAHIA;PETROLEO GAS E HIDROCARBUROS 
325;2012-LA-00267;ELECTRIFICACION RURAL  EN LA MANCOMUNIDAD DE MANOFM;RENOVACION LICENCIA;22/7/2019;VALLE DE ANGELES  VILLA DE SAN FRANCISCO  VALLECILLO  EL PORVENIR  MARALE Y GUAIMACA;FRANCISCO MORAZAN;ENERGIA
326;SLAS-0000204-2018;RESTAURACION CASA EXPRESIDENTE SANTOS GUARDIOLA;FUNCIONAL;22/7/2019;COMAYAGUA;COMAYAGUA;INFRAESTRUCTURA  CONSTRUCCION Y VIVIENDA
327;S/N-  96;HOTEL FLORENCIA;AUDITORIA;22/7/2019;DISTRITO CENTRAL;FRANCISCO MORAZAN;INFRAESTRUCTURA  CONSTRUCCION Y VIVIENDA
328;2009-A-50;LAS TEJITAS;RENOVACION LICENCIA;22/7/2019;DISTRITO CENTRAL;FRANCISCO MORAZAN;INFRAESTRUCTURA  CONSTRUCCION Y VIVIENDA
329;SLAS-0000163-2018;OLOMAN;FUNCIONAL;22/7/2019;SANTA RITA  EL NEGRITO   Y VICTORIA;YORO;AGROPECUARIO
330;2015-LA-00028;CENTRO DE MEDITACION VIRGEN DE SUYAPA  EL PILIGUIN;LICENCIA;22/7/2019;DISTRITO CENTRAL;FRANCISCO MORAZAN;INFRAESTRUCTURA  CONSTRUCCION Y VIVIENDA
331;SLAS-0000310-2018;RECICLAJES INDUSTRIALES DE CENTROAMERICA  S. A. DE C. V.;FUNCIONAL;23/7/2019;CHOLOMA;CORTES;INDUSTRIAL
332;SLAS-0000264-2016;RESIDENCIAL RUBEN ANTUNEZ;FUNCIONAL;23/7/2019;DISTRITO CENTRAL;FRANCISCO MORAZAN;INFRAESTRUCTURA  CONSTRUCCION Y VIVIENDA
333;2015-LA-00295;ESTACION DE SERVICIO BUENOS AIRES;AUDITORIA;23/7/2019;LA LABOR;OCOTEPEQUE;PETROLEO GAS E HIDROCARBUROS 
334;2007-A-701;HOSPITAL DEL CARIBE;RENOVACION LICENCIA;23/7/2019;PUERTO CORTES;CORTES;INFRAESTRUCTURA  CONSTRUCCION Y VIVIENDA
335;SLAS-0000623-2017;AIRE RIO DE HONDURAS;FUNCIONAL;23/7/2019;DISTRITO CENTRAL;FRANCISCO MORAZAN;SERVICIOS
336;2015-LA-00347;CLORO DEL NORTE (NORCLORO);AUDITORIA;24/7/2019;MUNICIPIO DE SAN MANUEL ;CORTES;INDUSTRIA
337;2013-LA-00111;JARDIN MEMORIAL APAKUNKA;RENOVACION DE LICENCIA;24/7/2019;SABANA GRANDE;FRANCISCO MORAZAN;INFRAESTRUCTURA  CONSTRUCCION Y VIVIENDA
338;SLAS-0000608-2017;PLANTA DE BENEFICIADO DE MATERIALES ROCAMARILLA;FUNCIONAL;25/7/2019;CHOLUTECA;CHOLUTECA;MINERO
339;113-A-2000;CONCESION MINERA NO METALICA DENOMINADA BUENA VISTA;REPOSICION LICENCIA;26/7/2019;TELA;ATLANTIDA;MINERO
340;2003-A-268;ESTACION DE SERVICIO PUMA LAS LOMAS;RENOVACION DE LICENCIA;29/7/2019;DISTRITO CENTRAL;FRANCISCO MORAZAN;PETROLEO GAS E HIDROCARBUROS 
341;SLAS-0000577-2017;DISTRIBUIDORA MARISCOS Y MAS  S. A. DE C. V.;FUNCIONAL;29/7/2019;SANTA ANA ;MORAZA;AGROPECUARIO
342;SLAS-000255-2018;PLANTA CARNICA FINCA 8;FUNCIONAL;29/7/2019;LA PAZ;LA PAZ;AGROPECUARIO
343;SLAS-000248-2018;CONSTRUCCION DE COLECTOR Y OBRAS COMPLEMENTARIAS EN LA COLONIA CEDEN;FUNCIONAL;29/7/2019;CHOLOMA;CORTES;INFRAESTRUCTURA  CONSTRUCCION Y VIVIENDA
344;2012-LA-00203;URBANIZACION VILLA IRIS;RENOVACION LICENCIA;30/7/2019;COMAYAGUA;COMAYAGUA;INFRAESTRUCTURA  CONSTRUCCION Y VIVIENDA
345;SLAS-0000132-2018;ESTACION DE SERVICIOS BETANCOURTH;FUNCIONAL;30/7/2019;COMAYAGUA;COMAYAGUA;PETROLEO GAS E HIDROCARBUROS 
346;SLAS-000082-2018;CONSTRUCCION Y PAVIMENTACION DE BULEVAR A CUATRO CARRILES EN CALLE 8  ETAPA1: INTERSECCION AVENIDA LA REPUBLICA - INTERSECCION CON BULEVAR LA AMISTAD  CON UMA LONGITUD APROXIMADA DE 1.9 KM.;FUNCIONAL;30/7/2019;LA CEIBA;ATLANTIDA;INFRAESTRUCTURA  CONSTRUCCION Y VIVIENDA
347;SLAS-0000236-2018;ESTACION DE SERVICIO AMERICAN CHANCUACO;FUNCIONAL;30/7/2019;TEUPASENTI;EL PARAISO;PETROLEO GAS E HIDROCARBUROS 
348;2009-A-431;MAS ACME MC CRARY HONDURAS  S. DE R. L.;RENOVACION DE LICENCIA;31/7/2019;CHOLOMA;CORTES;INDUSTRIAL
349;SLAS-0000339-2018;CELSIA SOLAR COMAYAGUA;FUNCIONAL;31/7/2019;COMAYAGUA;COMAYAGUA;ENERGIA
350;2005-A-483;ACONDICIONAMIENTO DE TERRENO PARA UN APROVECHAMIENTO SILVO PASTORIL EN PEQUEÑA ESCALA;RENOVACION LICENCIA;7/8/2019;VILLANUEVA;CORTES;AGROPECUARIO
351;2008-A-2114;VESTA TRADING  S. A. DE C. V. ZONA LIBRE (DISTRIBUIDORES DE MATERIA PRIMA);RENOVACION LICENCIA;7/8/2019;CHOLOMA;CORTES;INDUSTRIAL 
352;SLAS-0000180-2018;REPARACION ESCUELA AGRICOLA F. KENNEDY;FUNCIONAL;8/8/2019;SAN FRANCISCO;ATLANTIDA;INFRAESTRUCTURA  CONSTRUCCION Y VIVIENDA
353;2015-LA-00295;ESTACION DE SERVICIO BUENOS AIRES;AUDITORIA;8/8/2019;LA LABOR;OCOTEPEQUE;PETROLEO GAS E HIDROCARBUROS 
354;SLAS-0000110-2019;CONSTRUCCION DE ESTACIONAMIENTO CELL ANEXO 2;FUNCIONAL;8/8/2019;DISTRITO CENTRAL;FRANCISCO MORAZAN;INFRAESTRUCTURA  CONSTRUCCION Y VIVIENDA
355;268-A-2001;ESTACION DE SERVICIOS UNO CEIBA;REPOSICION;8/8/2019;LA CEIBA;ATLANTIDA;PETROLEO GAS E HIDROCARBUROS 
356;SLAS-0000185-2018;RECICLADORA AIRE VERDE  S. DE .R. L. DE C. V.;FUNCIONAL;8/8/2019;VILLANUEVA;CORTES;INDUSTRIAL
357;SLAS-0000054-2018;RESIDENCIAL VILLA CASA;FUNCIONAL;8/8/2019;SAN MATIAS;EL PARAISO;INFRAESTRUCTURA  CONSTRUCCION Y VIVIENDA
358;27-AA-2003;PRODUCTOS TEXTILES  S. A. DE C. ;RENOVACION LICENCIA;12/8/2019;CHOLOMA;CORTES;INDUSTRIAL
359;2008-A-773;GASOLINERA ALEX Y JORGE CUSTOM. COM;RENOVACION LICENCIA;12/8/2019;TRUJILLO;COLON;PETROLEO GAS E HIDROCARBUROS 
360;SLAS-0000044-2018;PRADOS DE COMAYAGUA;FUNCIONAL;13/8/2019;COMAYAGUA;COMAYAGUA;INFRAESTRUCTURA  CONSTRUCCION Y VIVIENDA
361;SLAS-0000059-2018;INVERSIONES AVICOLAS DE HONDURAS;FUNCIONAL;13/8/2019;SAN FRANCISCO DE YOJOA;CORTES;AGROPECUARIO
362;SLAS-0000115-2018;CENTRO CIUDAD MUJER EN LA CEIBA;FUNCIONAL;13/8/2019;LA CEIBA;ATLANTIDA;INFRAESTRUCTURA  CONSTRUCCION Y VIVIENDA
363; 2011-A-428;BENEFICIO DE CAFÉ COOPERATIVA REGIONAL MIXTA DE AGRICULTORES ORGANICOS DE LA SIERRA (RAOS)                                                                                                                                                                                                                                                                                                                                                                                                                                                                                                                                                                                                                                                                                                                                                                                                                                                                                                                                                                                                                                                                                                                                                                                                                                                                                   ;RENOVACION LICENCIA;13/8/2019;MARCALA;LA PAZ;AGROPECUARIO
364;2011-A-222;HANES INK HONDURAS  S. A. DE C. V.;RENOVACION LICENCIA;13/8/2019;CHOLOMA;CORTES;INDUSTRIAL
365;SLAS-0000209-2018;MAXI DESPENSA OLANCHITO;FUNCIONAL;14/8/2019;OLANCHITO;YORO;INFRAESTRUCTURA  CONSTRUCCION Y VIVIENDA
366;2012-LA-00116;JASPER HONDURAS  S. A. BODEGA CENTRAL;RENOVACION LICENCIA;14/8/2019;CHOLOMA;CORTES;INFRAESTRUCTURA  CONSTRUCCION Y VIVIENDA
367;SLAS-0000191-2018;TABLEROS DE HONDURAS (TABLHONSA);FUNCIONAL;14/8/2019;GUAIMACA;FRANCISCO MORAZAN;FORESTAL
368;2014-LA-00381;CONSTRUCCION DE LAGUNA DE OXIDACION;PROVISIONAL;14/8/2019;CHOLUTECA;CHOLUTECA;SANEAMIENTO
369;2011-A-236;CLINICA ESPERANZA TAMBIEN DENOMINADO CLINICA MATERNO INFANTIL EMILY;RENOVACION LICENCIA;14/8/2019;ROATAN;ISLAS DE LA BAHIA;INFRAESTRUCTURA  CONSTRUCCION Y VIVIENDA
370;SLAS-0000323-2018;ESTACION DE SERVICIO TEXACO SAN VICENTE;FUNCIONAL;15/8/2019;SAN PEDRO SULA;CORTES;PETROLEO GAS E HIDROCARBUROS 
371;SLAS-0000302-2018;GASOLINERA TEXACO TEGUCIGALPITA;FUNCIONAL;15/8/2019;MUNICIPIO DE OMOA;ORTES;PETROLEO GAS E HIDROCARBUROS 
372;SLAS-0000521-2017;EDIFICIO DE OFICINAS DE GRUPO MIDENCE SOTO PIERREFEU;FUNCIONAL;15/8/2019;DISTRITO CENTRAL;FRANCISCO MORAZAN;INFRAESTRUCTURA  CONSTRUCCION Y VIVIENDA
373;SLAS-000079-2016;HGPC AGRICOLA  S. A. DE C. V. PARA CULTIVO DE KING GRASS FINCA LA BUESO;FUNCIONAL;15/8/2019;CHOLOMA;CORTES;AGROPECUARIO
374;2006-A-678;RESIDENCIAL SAN ISIDRO;RENOVACION LICENCIA;15/8/2019;EL PARAISO;EL PARAISO;INFRAESTRUCTURA  CONSTRUCCION Y VIVIENDA
375;2013-LA-00182;REHABILITACION DE ESTACION DE BOMBA GMSB-2;RENOVACION LICENCIA;19/8/2019;CHOLUTECA;CHOLUTECA;
376;SLAS-0000318-2018;CENTRO DE DISTRIBUCION LEYDE DE SAN PEDRO SULA;FUNCIONAL;19/8/2019;SAN PEDRO SULA;CORTES;INFRAESTRUCTURA  CONSTRUCCION Y VIVIENDA
377;SLAS-0000155-2016;HOSPITAL Y CLINICAS SAN JORGE EL HATO;FUNCIONAL;19/8/2019;DISTRITO CENTRAL;FRANCISCO MORAZAN;INFRAESTRUCTURA  CONSTRUCCION Y VIVIENDA
378;SLAS-000071-2016;DESPENSA FAMILIAR NUEVA ESPERANZA;FUNCIONAL;19/8/2019;CHOLUTECA;CHOLUTECA;INFRAESTRUCTURA  CONSTRUCCION Y VIVIENDA
379;2007-A-280;JORDANLAB  S. DE R. L. DE C. V.;RENOVACION LICENCIA;20/8/2019;SAN PEDRO SULA;CORTES;INDUSTRIAL
380;2004-A-458;CULTIVO Y PROCESAMIENTO DE CAÑA DE AZUCAR Y PRODUCTOS DE AZUCAR INGENIO CENTRAL DE EL PROGRESO ;RENOVACION LICENCIA;20/8/2019;EL PROGRESO;YORO;INDUSTRIAL
381;SLAS-0000547-2017;CAFES ESPECIALES ERAPUCA  S. A. DE C.V.;FUNCIONAL;20/8/2019;CUCUYAGUA;COPAN;AGROPECUARIO
382;SLAS-0000232-2018;EMSULA AL CEIBA;FUNCIONAL;21/8/2019;LA CEIBA;ATLANTIDA;INDUSTRIAL
383;2013-LA-00119;JARDIN DE PAZ MUNICIPAL DE LA CIUDAD DE OLANCHITO  I ETAPA;AUDITORIA;21/8/2019;OLANCHITO;YORO;INFRAESTRUCTURA  CONSTRUCCION Y VIVIENDA
384;SLAS-0000066-2016;MAXI DESPENSA AVENIDA CIRCUNVALACION;FUNCIONAL;21/8/2019;DANLI;EL PARAISO;INFRAESTRUCTURA  CONSTRUCCION Y VIVIENDA
385;SLAS-0000114-2019;REHABILITACION CONCRETO HIDRAULICO DEL TRAMO DE ACCESO HACIA AGUAS TERMALES MUNICIPALES CON UNA LONGITUD APROXIMADA DE 2.10 KM LOCALIZADO  EN EL DEPARTAMENTO DE LEMPIRA;FUNCIONAL;21/8/2019;GRACIAS;LEMPIRA;INFRAESTRUCTURA  CONSTRUCCION Y VIVIENDA
386;SLAS-0000331-2018;REHABILITACION DE CAMINO RURAL TERCIARIO EN TRAMO: SAN ANTONIO DE FLORES- JOCOMICO-EL ESPINAL;FUNCIONAL;21/8/2019;SAN ANTONIO DE FLORES ;EL PARAISO;INFRAESTRUCTURA  CONSTRUCCION Y VIVIENDA
387;SLAS-0000317-2018;VIVIENDAS PARA FAMILIAS VULNERABLES;FUNCIONAL;21/8/2019;SAN JOSE;LA PAZ;INFRAESTRUCTURA  CONSTRUCCION Y VIVIENDA
388;SLAS-0000221-2018;SURTIDORA DE VIVERES LA PREFERIDA;FUNCIONAL;23/8/2019;DISTRITO CENTRAL;FRANCISCO MORAZAN;INFRAESTRUCTURA  CONSTRUCCION Y VIVIENDA
389;SLAS-0000591-2017;RIO NANCE;FUNCIONAL;23/8/2019;CHOLOMA;CORTES;AGROPECUARIO
390;SLAS-0000327-2018;ALCANTARILLADO SANITARIO Y PLANTA DE TRATAMIENTO VILLA DOLORES;FUNCIONAL;23/8/2019;LA ESPERANZA;ALVARENGA;SANEAMIENTO
391;2014-AA-00006; CENTRO TURISTICO HONDUYATE;AUDITORIA;23/8/2019;SANTA CRUZ DE YOJOA;CORTES;INFRAESTRUCTURA  CONSTRUCCION Y VIVIENDA
392;SLAS-0000150-2019;CONSTRUCCION DEL NUEVO COMPLEJO DE LA EMBAJADA AMERICANA EN TEGUCIGALPA;FUNCIONAL;29/8/2019;DISTRITO CENTRAL;FRANCISCO MORAZAN;INFRAESTRUCTURA  CONSTRUCCION Y VIVIENDA
393;SLAS-0000046-2018;CENTRO EDUCATIVO DEL INSTITUTO HONDUREÑO DE CULTURA INTERAMERICANA (IHCI);FUNCIONAL;29/8/2019;COMAYAGUA;COMAYAGUA;INFRAESTRUCTURA  CONSTRUCCION Y VIVIENDA
394;SLAS-0000144-2018;ESTACION DE SERVICIOS COMBUSTIBLES UNO CELAQUE;FUNCIONAL;29/8/2019;GRACIAS;LEMPIRA;PETROLEO GAS E HIDROCARBUROS 
395;SLAS-0000063-219;CONSTRUCCION DE MURO PARA ESTABILIZACION EN COLONIA ALAMEDA;FUNCIONAL;29/8/2019;DISTRITO CENTRAL;FRANCISCO MORAZAN;INFRAESTRUCTURA  CONSTRUCCION Y VIVIENDA
396;2008-A-1110;RESIDENCIAL VILLA TOSCANA;RENOVACION LICENCIA;30/8/2019;DISTRITO CENTRAL;FRANCISCO MORAZAN;INFRAESTRUCTURA  CONSTRUCCION Y VIVIENDA
397;2012-LA-00482;BENEFICIO DE CAFÉ HUMEDO EL ESPINO;AUDITORIA;30/8/2019;SAN PEDRO TUTULE;LA PAZ;AGROPECUARIO
398;SLAS-0000065-2019;PASO PEATONAL SUBTERRANEO FRENTE A EDIFICIO METROPOLIS-EMISORAS UNIDAS;FUNCIONAL;3/9/2019;DISTRITO CENTRAL;FRANCISCO MORAZAN;INFRAESTRUCTURA  CONSTRUCCION Y VIVIENDA
399;2014-LA-00403;ZOOLOGICO Y ZOO CRIADERO LOS GUACAMAYO;AUDITORIA;3/9/2019;SANTA CRUZ DE YOJOA;CORTES;BIODIVERSIDAD
400;136-1996;AMPLIACION PLANTA DE TRATAMIENTO HOTEL HENRRY MORGAN;RENOVACION  LICENCIA;4/9/2019;ROATAN;ISLAS DE LA BAHIA;INFRAESTRUCTURA  CONSTRUCCION Y VIVIENDA
401;SLAS-0000253-2018;HIPOSSER;FUNCIONAL;5/9/2019;VILLANUEVA;CORTES;INDUSTRIAL
402;2014-LA-00435;ESTACION DE SERVICIO Y GASOLINERA PEHON;LICENCIA;5/9/2019;TALANGA;FRANCISCO MORAZAN;PETROLEO GAS E HIDROCARBUROS 
403;SLAS-0000113-2018;TEXACO OBELISCO;FUNCIONAL;5/9/2019;DISTRITO CENTRAL;FRANCISCO MORAZAN;PETROLEO GAS E HIDROCARBUROS 
404;SLAS-0000182-2016;COLONIA VIRGEN DE SUYAPA;FUNCIONAL;5/9/2019;CHOLUTECA;CHOLUTECA;INFRAESTRUCTURA  CONSTRUCCION Y VIVIENDA
405;SLAS-0000553-2017;NOVALACE  S. A. DE C. V.;FUNCIONAL;18/9/2019;CHOLOMA;CORTES;INDUSTRIAL
406;SLAS-0000032-2019;REHABILITACION DE CAMINO RURAL TERCIARIO EN TRAMOS: GUAJIQUIRO CENTRO-BREAS- SANTAT ROSITA: CON UNA LONGITUD DE 32 KILOMETROS  00 METROS (32.00KM);FUNCIONAL;18/9/2019;GUAJIQUIRO;LA PAZ;INFRAESTRUCTURA  CONSTRUCCION Y VIVIENDA
407;2005-AA-290;ESTACION DE SERVICIO PAZ BARAHONA;REPOSICION AUDITORIA;20/9/2019;SAN PEDRO SULA;CORTES;PETROLEO GAS E HIDROCARBUROS 
408;SLAS-0000147-2018;FABRICA DE TAMALES FINCAS EL CARMEN;FUNCIONAL;23/9/2019;VILLA DE SAN ANTONIO;COMAYAGUA;INFRAESTRUCTURA  CONSTRUCCION Y VIVIENDA
409;2006-A-158;FABRICA DE PLASTICOS GODOY;RENOVACION LICENCIA;25/9/2019;DISTRITO CENTRAL;FRANCISCO MORAZAN;INDUSTRIAL
410;SLAS-0000035-2018;ESTACION DE SERVICIO PUMA LEMPIRA;FUNCIONAL;25/9/2019;SANTA ANA;FRANCISCO MORAZAN;PETROLEO GAS E HIDROCARBUROS 
411;SLAS-000037-2018;ESTACION DE SERVICIO PUMA PANAMERICANA;FUNCIONAL;25/9/2019;CHOLUTECA;CHOLUTECA;PETROLEO GAS E HIDROCARBUROS 
412;2011-A-290;TANQUE DE ALMACENAMIENTO DE COMBUSTIBLE/ BUNKER;RENOVACION  LICENCIA;25/9/2019;CHOLOMA;CORTES;PETROLEO GAS E HIDROCARBUROS 
413;SLAS-0000518-2017;PLANTA DE HIELO SAMPILE;FUNCIONAL;25/9/2019;CHOLUTECA;CHOLUTECA;INDUSTRIAL
414;SLAS-0000315-2017;CENTRO DE PROCESAMIENTO DE CACAO SERVICIOS AGRICOLAS COPROASERSO;FUNCIONAL;25/9/2019;JUTIAPA;ATLANTIDA;AGROPECUARIO
415;SLAS-0000565-2017;PROVIDENCE HONDURAS;FUNCIONAL;25/9/2019;VILLANUEVA;CORTES;INDUSTRIAL
416;2014-LA-00405;LABORATORIO DE CULTIVO   CRIA Y PRODUCCION DE LANA DE CAMARON;AUDITORIA;25/9/2019;MARCOVIA;CHOLUTECA;AGROPECUARIO
417;SLAS-0000555-2017;WEST BAY GOLF AND VILLAS;FUNCIONAL;26/9/2019;ROATAN;ISLAS DE LA BAHIA;INFRAESTRUCTURA  CONSTRUCCION Y VIVIENDA
418;2005-A-17;EXTRACCION DE MATERIALES PETREOS EL LIMON;REPOSICION DE LICENCIA;26/9/2019;MOROCELI;EL PARAISO;PETROLEO GAS E HIDROCARBUROS 
419;SLAS-0000092-2019;CONSTRUCCION DE EDIFICIO AER-MDC;FUNCIONAL;26/9/2019;DISTRITO CENTRAL;FRANCISCO MORAZAN;INFRAESTRUCTURA  CONSTRUCCION Y VIVIENDA
420;SLAS-0000333-2018;PLANTA EMPACADORA DE MARISCOS CANALES II;FUNCIONAL;26/9/2019;SAN LORENZO;VALLE;AGROPECUARIO
421;SLAS-0000578-2017;CONSTRUCCION DE BODEGA  No.5;FUNCIONAL;26/9/2019;VILLANUEVA;CORTES;INFRAESTRUCTURA  CONSTRUCCION Y VIVIENDA
422;2003-A-13;PLAN DE MEJORAS URGENTES AEROPUERTO INTERNACIONAL DE TONCONTIN;RENOVACION LICENCIA;9/10/2019;DISTRITO CENTRAL ;FRANCISCO MORAZAN;INFRAESTRUCTURA  CONSTRUCCION Y VIVIENDA
423;SLAS-0000045-2019;MEJORAMIENTO DEL SISTEMA DE AGUA POTABLE DE LA PAZ  DEPARTAMENTO DE LA PAZ;FUNCIONAL;9/10/2019;HUMUYA  LA PAZ  Y CANE;COMAYAGUA Y LA PAZ;SANEAMIENTO
424;2015-LA-00092;PUMA LA MASICA;AUDITORIA;9/10/2019;LA MASICA ;ATLANTIDA;PETROLEO GAS E HIDROCARBUROS 
425;SLAS-0000121-2019;CENTREO DE DISTRIBUCION FENORSA COMAYAGUA;FUNCIONAL;9/10/2019;COMAYAGUA;COMAYAGUA;INFRAESTRUCTURA  CONSTRUCCION Y VIVIENDA
426;SLAS-0000134-2019;BENEFICIO SECO COCANUPOL;FUNCIONAL;10/10/2019;SENSENTI;OCOTEPEQUE;AGROPECUARIO
427;2004-A-293;AMPLIACION Y CLAUSURA DEL RELLENO SANITARIO MANUAL DE LA ESCUELA AGRICOLA PANAMERICANA;RENOVACION LICENCIA;10/10/2019;SAN ANTONIO DE ORIENTE;FRANCISCO MORAZAN;SANEAMIENTO
428;2015-LA-00334;LOTIFICACION VILLA FLORENCIA;LICENCIA;11/10/2019;LA PAZ;LA PAZ;INFRAESTRUCTURA  CONSTRUCCION Y VIVIENDA
429;2003-A-37;ARENA Y GRAVA YARUMELA;RENOVACION LICENCIA;16/10/2019;LA PAZ;L A PAZ;INDUSTRIAL
430;2004-A-250;ESTACION DE SERVICIO DE HIDROCARBUROS DE PETROLERA DEL NORTE  S. DE R. L.;RENOVACION LICENCIA;16/10/2019;SAN PEDRO SULA;CORTES;PETROLEO GAS E HIDROCARBUROS 
431;2009-A-314;RESIDENCIAL HAMBURGO;RENOVACION LICENCIA;16/10/2019;DISTRITO CENTRAL;FRANCISCO MORAZAN;INFRAESTRUCTURA  CONSTRUCCION Y VIVIENDA
432;015-AA3-1-09-0801-04-B;PASEO LAS CAMPANAS;RENOVACION LICENCIA;16/10/2019;DISTRITO CENTRAL;FRANCISCO MORAZAN;INFRAESTRUCTURA  CONSTRUCCION Y VIVIENDA
433;SLAS-0000225-2018;CADELGA TEGUCIGALPA;FUNCIONAL;17/10/2019;DISTRITO CENTRAL;FRANCISCO MORAZAN;INDUSTRIAL
434;SLAS-0000239-2018;AGREGADOS INNOVA;FUNCIONAL;17/10/2019;VILLANUEVA;CORTES;MINERO
435;123-A-2002;ESTACION DE SERVICIO PUMA LOMAS LINDAS;REPOSICION  LICENCIA;17/10/2019;SAN PEDRO SULA;CORTES;PETROLEO GAS E HIDROCARBUROS 
436;2007-A-48;INDUSTRIA MOLINERA  S. A. DE C. V. (IMSA);RENOVACION LICENCIA;21/10/2019;CHOLOMA;CORTES;INDUSTRIAL
437;SLAS-0000410-2017;ESTACION DE SERVICIO EL CARRIZAL #2;FUNCIONAL;21/10/2019;CHOLUTECA;CHOLUTECA;PETROLEO GAS E HIDROCARBUROS 
438;SLAS-0000045-2018;ALQUILERES EUCEDA  MANEJO Y TRATAMIENTO DE DESECHOS SOLIDOS;FUNCIONAL;18/10/2019;TRUJILLO;COLON;SANEAMIENTO
439;2012-LA-00122;HANES CHOLOMA  S. DE R. L.(PLANTA DE CORTE);RENOVACION AUDITORIA;21/10/2019;CHOLOMA;CORTES;INDUSTRIAL
440;2011-A-224;JERZEES NUEVO DIA;RENOVACIONLICENCIA;21/10/2019;CHOLOMA;CORTES;INDUSTRIAL
441;SLAS-0000177-2018;PLAZA CHOLUTECA LA COLONIA;FUNCIONAL;21/10/2019;CHOLUTECA;CHOLUTECA;INFRAESTRUCTURA  CONSTRUCCION Y VIVIENDA
442;SLAS-0000605-2017;PLAZA CHOLOMA-SUPERMERCADOS LA COLONIA;FUNCIONAL;21/10/2019;CHOLOMA;CORTES;INFRAESTRUCTURA  CONSTRUCCION Y VIVIENDA
443;SLAS-0000161-2019;ASOCIACION DE PRODUCTORES CAFETALEROS CORQUINENSES (APROCCOR);FUNCIONAL;21/10/2019;CORQUIN;COPAN;AGROPECUARIO
444;SLAS-0000279-2018;TALLER DE CARPINTERIA ORLANDO;FUNCIONAL;21/10/2019;DANLI;EL PARAISO;FORESTAL
445;SLAS-0000189-2016;RECONSTRUCCION DE LOSA DEL PUENTE SOBRE RIO GRANDE;FUNCIONAL;21/10/2019;JESUS DE OTORO;INTIBUCA;INFRAESTRUCTURA  CONSTRUCCION Y VIVIENDA
446;SLAS-0000105-2018;CONSTRUCCION DE PUENTE SOBRE EL RION SANGRELAYA CON UNA LONGITUD APROXIMADA DE 52 ML. LOCALIZADO EN IRIONA  DEPARTAMENTO DE COLON;FUNCIONAL;21/10/2019;IRIONA;COLON;INFRAESTRUCTURA  CONSTRUCCION Y VIVIENDA
447;270-A-2001;PRIDE PERFORMANCE FABRICS  S. A.;RENOVACION LICENCIA;22/10/2019;QUIMISTAN;SANTA BARBARA;INDUSTRIAL
448;538-A-97;PUMA CASCADAS;AUDITORIA;24/10/2019;DISTRITO CENTRAL;FRANCISCO MORAZAN;PETROLEO GAS E HIDROCARBUROS 
449;2011-A-97;MAXI BODEGA LA CEIBA;RENOVACION LICENCIA;29/10/2019;LA CEIBA;ATLANTIDA;INFRAESTRUCTURA  CONSTRUCCION Y VIVIENDA
450;491-AA-2000;ESTACION DE SERVICIO TEXACO 105;REPOSICION AUDITORIA;29/10/2019;SAN PEDRO SULA ;CORTES;PETROLEO GAS E HIDROCARBUROS 
451;SLAS-0000108-2016;DESPENSA FAMILIAR VENECIA;LICENCIA FUNCIONAL;29/10/2019;TELA;ATLANTIDA;INFRAESTRUCTURA  CONSTRUCCION Y VIVIENDA
452;SLAS-0000062-2019;COSTRUCCION DE VIA RAPIDA CASA PRESIDENCIAL - BULEVAR SAN JUAN BOSCO;LICENCIA FUNCIONAL;29/10/2019;DISTRITO CENTRAL;FRANCISCO MORAZAN;INFRAESTRUCTURA  CONSTRUCCION Y VIVIENDA
453;2007-A-230;CONSTRUCCION  DE TORRE PARA TELEFONIA CELULAR  SITIO MACUELIZO;RENOVACION LICENCIA;30/10/2019;MACUELIZO;SANTA BARBARA;TELECOMUNICACIONES
454;2008-A-1335;CONSTRUCCION  DE TORRE PARA TELEFONIA CELULAR  SITIO DANDY (ROOFTOP);RENOVACION LICENCIA;31/10/2019;SAN PEDRO SULA;CORTES;TELECOMUNICACIONES
455;2007-A-272;CONSTRUCCION  DE TORRE PARA TELEFONIA CELULAR  SITIO PULHAPANZAK;RENOVACION LICENCIA;1/11/2019;SAN FRANCISCO DE YOJOA;CORTES;TELECOMUNICACIONES
456;SLAS-0000084-2019;PLANTA PROCESADORA DE FRUTA;FUNCIONAL;4/11/2019;SAN MARCOS DE COLON;CHOLUTECA;INFRAESTRUCTURA  CONSTRUCCION Y VIVIENDA
457;2013-A-LA-00497;MINERA NO METALICA EL GUAYMON;RENOVACION LICENCIA;4/11/2019;EL NEGRITO ;YORO;MINERO
458;SLAS-0000132-2019;BENEFICIO  HUMEDO COCANUPOL;FUNCIONAL;5/11/2019;SAN MARCOS ;OCOTEPEQUE;AGROPECUARIO
459;065-AA-2002;PETROSUN FRENCH HARBOUR; REPOSICION AUDITORIA;6/11/2019;ROATAN;ISLAS DE LA BAHIA;PETROLEO GAS E HIDROCARBUROS 
460;2003-A-416;PLANTA DE DISTRIBUCION DE GAS LPG ROATAN;RENOVACION LICENCIA;6/11/2019;ROATAN;ISLAS DE LA BAHIA;PETROLEO GAS E HIDROCARBUROS 
461;SLAS-0000448-2017;CABLE SUBMARINO DE DISTRIBUCION ELECTRICA DE SANTA ELENA;FUNCIONAL;7/11/2019;JOSE SANTOS GUARDIOLA ;ISLAS DE LA BAHIA;ENERGIA
462;2008-A-2259;EMPLAZAMIENTO DE CELDAS DE TELEFONIA CELULAR SITIO NUEVA ARCADIA;RENOVACION LICENCIA;7/11/2019;SANTA ANA;FRANCISCO MORAZAN;TELECOMUNICACIONES
463;2008-A-2061;EMPLAZAMIENTO DE CELDAS DE TELEFONIA CELULAR SITIO CERRO LA CRUCITA;RENOVACION LICENCIA;7/11/2019;DISTRITO CENTRAL;FRANCISCO MORAZAN;TELECOMUNICACIONES
464;SLAS-0000189-2019;PEQUEÑA MINERIA NO METALICA RIO HONDO;FUNCIONAL;14/11/2019;DISTRITO CENTRAL;FRANCISCO MORAZAN;MINERO
465;2008-A-2259;EMPLAZAMIENTO DE CELDAS DE TELEFONIA CELULAR SITIO NUEVA ARCADIA;RENOVACION LICENCIA;7/11/2019;SANTA ANA;FRANCISCO MORAZAN;TELECOMUNICACIONES
466;SLAS-0000132-2019;BENEFICIO  HUMEDO COCANUPOL;FUNCIONAL;5/11/2019;SAN MARCOS ;OCOTEPEQUE;AGROPECUARIO
467;SLAS-0000016-2019;CONTRATO DE EMERGENCIA PARA LA REPARACION CON MEZCLA ASFALTICA (20.53 KM) Y CONCRETO HIDRAULICO (9.35 KM) DE  LA CARRETERA EN ELTRAMO I FLOWER BAY-WEST END  TRAMO II DESVIO WEST BAY  EN EL TRAMO III: COXEN  HOLE -FLOWER BAY  Y TRAMO IV WEST END-DESVIO PARROT TREE;FUNCIONAL;15/11/2019;ROATAN;ISLAS DE LA BAHIA;INFRAESTRUCTURA  CONSTRUCCION Y VIVIENDA
468;2008-A-2261;EMPLAZAMIENTO DE CELDAS DE TELEFONIA CELULAR SITIO EL CAPULIN;RENOVACION LICENCIA;15/11/2019;MOROCELI;EL PARAISO;TELECOMUNICACIONES
469;SLAS-0000269-2019;CONSTRUCCION DE VIVIENDA EN LAS MATAS  ALDEA EL HATILLO;FUNCIONAL;18/11/2019;DISTRITO CENTRAL;FRANCISCO MORAZAN;INFRAESTRUCTURA  CONSTRUCCION Y VIVIENDA
470;2010-A-304;UNIVERSAL PLASTIC & PACK  S. DE R. L.;RENOVACION LICENCIA;18/11/2019;VILLANUEVA;CORTES;INDUSTRIAL
471;2008-A-2248;EMPLAZAMIENTO DE CELDAS DE TELEFONIA CELULAR SITIO LAS LIMAS;RENOVACION LICENCIA;18/11/2019;DISTRITO CENTRAL;FRANCISCO MORAZAN;TELECOMUNICACIONES
472;2008-A-2249;EMPLAZAMIENTO DE CELDAS DE TELEFONIA CELULAR SITIO LA GALERA  JOYA Y CANDELARIA;RENOVACION LICENCIA;18/11/2019;EL CORPUS;CHOLUTECA;TELECOMUNICACIONES
473;2008-A-1787;EMPLAZAMIENTO DE CELDAS DE TELEFONIA CELULAR SITIO LOS CALPULES;RENOVACION LICENCIA;19/11/2019;LEJAMANI;COMAYAGUA;TELECOMUNICACIONES
474;2015-LA-00130;ESTACION DE SERVICIO PUMA SAN MARCOS DE COLON; LICENCIA;21/11/2019;SAN MARCOS DE COLON;CHOLUTECA;PETROLEO GAS E HIDROCARBUROS 
475;SLAS-0000388-2017;ESTACION DE SERVICIO UNO SAN JOSE DE BUENA VISTA;FUNCIONAL;21/11/2019;TALANGA;FRANCISCO MORAZAN;PETROLEO GAS E HIDROCARBUROS 
476;SLAS-0000196-2018;INDUSTRIA FORESTAL LAS CRUCITAS;FUNCIONAL;21/11/2019;POTRERILLOS;EL PARAISO;FORESTAL
477;SLAS-0000343-2018;LOTIFICACION BRISAS DEL TRAPICHE;FUNCIONAL;21/11/2019;COMAYAGUA;COMAYAGUA;INFRAESTRUCTURA  CONSTRUCCION Y VIVIENDA
478;SLAS-0000174-2016;ESTACION DE SERVICIO ESTRELLA DE ORIENTE;FUNCIONAL;21/11/2019;DANLI;EL PARAISO;PETROLEO GAS E HIDROCARBUROS 
479;SLAS-0000552-2017;AGENCIA JE HANDAL  S. A. DE C. V. ;FUNCIONAL;21/11/2019;CHOLOMA;CORTES;INFRAESTRUCTURA  CONSTRUCCION Y VIVIENDA
480;SLAS-0000109-2019;SOCIEDAD MERCANTIL COOPERATIVA CAFETALERA  SAN FRANCISCO DE CONES LIMITADA  (COCASANCOL);FUNCIONAL;21/11/2019;SENSENTI;OCOTEPEQUE;AGROPECUARIO
481;2008-A-1721;CONSTRUCCION DE TORRE PARA TELEFONIA CELULAR  SITIO PIRAMIDES COMAYAGUA;RENOVACION LICENCIA;21/11/2019;VILLA DE SAN ANTONIO;COMAYAGUA;TELECOMUNICACIONES
482;2008-A-22;EMPLAZAMIENTO DE CELDAS DE TELEFONIA CELULAR SITIO LA GERMANIA;FUNCIONAL;22/11/2019;SIGUATEPEQUE;COMAYAGUA;TELECOMUNICACIONES
483;2014-LA-00096;CENTRAL HIDROELECTRICA EL RANCHO;LICENCIA FUNCIONAL;22/11/2019;SAN LUIS  Y ATIMA;SANTA BARBARA;ENERGIA
484;2008-A-2205;AMPLIACION ESTACION DE SERVICIO Y TERMINAL DE ALMACENAMIENTO DE COMBUSTIBLE  BAY ISLAND PETROLEUM BIP;LICENCIA FUNCIONAL;27/11/2019;ROATAN;ISLAS DE LA BAHIA;PETROLEO GAS E HIDROCARBUROS 
485;SLAS-0000089-2018;MADERAS CURADAS Y PALLET DE HONDURAS;FUNCIONAL;27/11/2019;LA PAZ;LA PAZ;FORESTAL
486;2013-LA-00097;ESTACION DE SERVICIOS SUYAPA;AUDITORIA;27/11/2019;DISTRITO CENTRAL ;FRANCISCO MORAZAN;PETROLEO GAS E HIDROCARBUROS 
487;SLAS-0000005-2019;CANALIZACION DE RIO JACALEAPA TRAMO PUENTE SAN JOSE DE LA VEGA;LICENCIA FUNCIONAL;27/11/2019;DISTRITO CENTRAL;FRANCISCO MORAZAN;INFRAESTRUCTURA  CONSTRUCCION Y VIVIENDA
488;SLAS-0000208-2019;CANALIZACION DE AGUAS PLUVIALES  PARA REDUCIR EL RIESGO EN  KM 86  DEL MUNICIPIO DE PIMIENTA;LICENCIA FUNCIONAL;27/11/2019;PIMIENTA;CORTES;INFRAESTRUCTURA  CONSTRUCCION Y VIVIENDA
489;SLAS-0000003-2019;CONSTRUCCION PUENTE PEATONAL COLONIA LA LAGUNA -ALEMANIA;LICENCIA FUNCIONAL;27/11/2019;DISTRITO CENTRAL;FRANCISCO MORAZAN;INFRAESTRUCTURA  CONSTRUCCION Y VIVIENDA
490;SLAS-0000073-2018;DESPENSA FAMILIAR LA ENTRADA A COPAN;FUNCIONAL;28/11/2019;NUEVA ARCADIA;COPAN;INFRAESTRUCTURA  CONSTRUCCION Y VIVIENDA
491;SLAS-0000216-2019;BENEFICIO HUMEDO Y SECO DE CAFÉ;FUNCIONAL;28/11/2019;SANTA BARBARA;SANTA BARBARA;AGROPECUARIO
492;SLAS-0000257-2016;RECOLECCION Y TRANSPORTE DE RESIDUOS;FUNCIONAL;28/11/2019;DISTRITO CENTRAL;FRANCISCO MORAZAN;SANEAMIENTO
493;SLAS-0000147-2019;RECONSTRUCCION DE CARRETERA EN LOS MUNICIPIOS DE MARALE  EN LOS DEPARTAMENTOS DE FRANCISCO MORAZAN  YORO Y YORITO;FUNCIONAL;2/12/2019;YORO ;YORO;INFRAESTRUCTURA  CONSTRUCCION Y VIVIENDA
