DEPARTAMENTO,MUNICIPIO,COD,Terremotos,Inundaciones,Ciclon y Marejadas,Deslizamientos,Sequia,Natural,Violencia,Humano,PELIGRO Y E0.00POSICIoN,Desarrollo y Pobreza,Desigualdad,Dependencia,Vulnerabilidad Socioeconomica,Poblacion Desarraiga,Otros Grupos Vulnerables,Grupos Vulnerables,VULNERABILIDAD,Capacidad de Respuesta,Gobernanza,Institutional,Comunicacion,Infraestructura Fisica,Acceso a Educacion,Infraestructura,FALTA DE CAPACIDAD DE RESPUESTA,INFORM RISK,Rango
Copan,Copan Ruinas,404,7.4,4.5,0,10,6.9,6.9,7.8,7.8,7.4,8.2,7.8,7.2,7.7,6.8,5.8,6.3,7.1,10,4.2,8.3,8.9,6.7,6.8,7.5,7.9,7.5,1
Lempira,Guarita,1307,6.9,0,0,9.5,9.7,7,6.5,6.5,6.8,8.8,6.9,6.6,7.4,8.3,6.4,7.5,7.5,10,8.3,9.3,7.7,7.1,6.7,7.2,8.4,7.5,1
Comayagua,El Rosario,303,8,2.1,0,7.4,6.8,5.6,9,9,7.7,8,8.1,7.5,7.9,4.2,5.7,5,6.7,10,5.6,8.6,7.1,6.2,6.9,6.7,7.8,7.4,3
Lempira,Gualcince,1306,7.2,0,0,9.8,7.9,6.5,6.6,6.6,6.6,9.5,7.1,7.7,8.1,3.2,7.5,5.8,7.1,10,7.8,9.2,9.3,8,6.8,8,8.7,7.4,3
Lempira,La Iguala,1309,7.9,0,0,9.9,0,5.5,8.3,8.3,7.1,9.4,6.8,7.9,8,1.2,6.8,4.6,6.6,10,7.4,9.1,9.5,8.5,6.8,8.3,8.7,7.4,3
Copan,Santa Rita,421,6.8,0,0,9.8,6.5,6.1,8.8,8.8,7.7,8.8,7.5,7.3,7.9,4.9,7.9,6.6,7.3,6.7,5.3,6,8,7.2,7.4,7.5,6.8,7.3,6
Francisco Morazan,Lepaterique,809,7.3,0,0,7.4,5.2,5.6,8.2,8.2,7.1,8.3,8.1,6.9,7.8,1.7,6.6,4.6,6.5,10,6.4,8.8,9.1,9.7,6.2,8.3,8.6,7.3,6
Intibuca,San Miguelito,1014,6.5,9.2,0,9.5,0,6.7,6.9,6.9,6.8,8.8,7,7.6,7.8,0.6,8.8,6.2,7.1,8.3,8,8.2,8.6,7.9,7.2,7.9,8.1,7.3,6
Intibuca,Colomoncagua,1003,6.9,4.2,0,8.8,9.9,7.2,5.6,5.6,6.5,8.4,8.2,8.2,8.3,6.3,7.3,6.8,7.6,6.7,6.5,6.6,9,9.7,5.2,8,7.4,7.2,9
Lempira,San Sebastian,1321,7.1,0,0,9.8,5,5.9,7,7,6.5,9.4,7,7.8,8.1,1.6,6,4.1,6.5,10,9.3,9.7,9.3,7.3,7.8,8.1,9,7.2,9
Santa Barbara,Proteccion,1617,6.8,0,0,9.7,0,5,8.4,8.4,7,9,8.5,8,8.5,1.8,6.4,4.5,7,6.7,6.4,6.6,9,9.1,7.3,8.5,7.7,7.2,9
Colon,Bonito Oriental,210,0,4.9,2,6.6,0,3.2,8.7,8.7,6.7,7.3,8.4,7,7.6,8.5,3.8,6.7,7.2,10,3.4,8.2,6.1,7.6,5.6,6.4,7.4,7.1,12
Copan,Florida,410,6.7,0,0,9,0,4.5,8.7,8.7,7.1,8.1,8.3,7.5,8,6.8,6,6.4,7.3,6.7,5.4,6.1,8.1,7.5,6.7,7.4,6.8,7.1,12
Choluteca,Apacilagua,602,6.9,9.8,0,6.4,9.7,7.8,6.8,6.8,7.3,8.3,9,6.5,7.9,2.1,6,4.3,6.4,4,8.9,7.1,9.3,9,6.7,8.3,7.8,7.1,12
Ocotepeque,Fraternidad,1405,6.4,8.9,0,6,5,6,6.6,6.6,6.3,8.8,7.6,7.4,7.9,3.2,5.6,4.5,6.5,10,9.2,9.7,7.7,6.9,6.7,7.1,8.7,7.1,12
Comayagua,Taulabe,321,7.8,0,0,8.8,5,5.5,8.9,8.9,7.6,6.2,6.6,6.3,6.4,5.3,7.5,6.5,6.5,10,3.5,8.2,5.3,5.4,4.8,5.2,7,7,16
Lempira,San Andres,1316,7.3,2.6,0,9.7,7.1,6.5,5.3,5.3,5.9,10,7,7.6,8.2,2.1,6,4.3,6.7,8.3,8,8.2,9.9,7.9,8.8,8.9,8.6,7,16
Olancho,Catacamas,1503,0,3.3,0,8.5,0,3.4,8.9,8.9,7,7.2,7.5,6.9,7.2,9.5,2.9,7.5,7.4,6.7,2.9,5.1,7.4,9.3,6,7.6,6.5,7,16
Yoro,Victoria,1810,5.5,0,0,9.9,4.5,5.5,8.8,8.8,7.5,7.8,7.8,7.6,7.7,4.3,6.2,5.3,6.7,5,6.6,5.9,8.8,8.6,5.7,7.7,6.9,7,16
Copan,San Agustin,414,6.5,4.4,0,0,4.9,3.6,7,7,5.6,8.9,8.9,6.7,8.2,3.4,6.4,5.1,6.9,10,6.9,8.9,7.4,7.9,9.4,8.2,8.6,6.9,20
El Paraiso,Trojes,719,0,10,0,10,7.1,7.5,8.5,8.5,8,8.3,8.1,6.6,7.7,2.3,4.9,3.7,6.1,5,4.9,5,9,9.2,5.8,8,6.8,6.9,20
Francisco Morazan,Curaren,804,7.7,0,0,10,10,7.6,2.9,2.9,5.7,9.4,8,7.2,8.2,2,6.2,4.4,6.7,6.7,8.4,7.7,10,9.8,7.7,9.2,8.6,6.9,20
Intibuca,Santa Lucia,1015,6.4,0,0,9.6,9.5,6.8,1.8,1.8,4.8,8.7,7.7,7.8,8.1,8.1,9.7,9,8.6,10,7.6,9.1,6.1,8.3,5.7,6.7,8.1,6.9,20
Comayagua,Esquias,304,0,0,0,6.7,6.1,3.2,8.7,8.7,6.7,7.8,8.5,6.9,7.7,4.9,6,5.5,6.7,8.3,6.1,7.4,8,6.7,5.7,6.8,7.1,6.8,24
Copan,Cabañas,402,7,0,0,6.7,6.1,4.7,7.2,7.2,6.1,8.8,8.2,7.2,8.1,3.2,6,4.8,6.8,6.7,7.8,7.3,8.6,7.5,7.6,7.9,7.6,6.8,24
El Paraiso,Te0.00iguat,716,0,10,0,9.5,9.7,8,1.3,1.3,5.6,9.3,8.7,6.9,8.3,0.4,7.8,5.2,7,5,9.4,7.9,9.2,8.8,5.8,7.9,7.9,6.8,24
Lempira,Las Flores,1310,7,2.2,0,9.5,5.7,6,7.3,7.3,6.7,8.1,6.5,6.6,7.1,0.9,6.6,4.3,5.9,10,7.3,9.1,6.8,5.8,5.6,6.1,7.9,6.8,24
Lempira,San Juan Guarita,1318,6.6,0,0,9.2,9.4,7.5,6.2,6.2,6.9,7.4,6.9,6.3,6.9,6.4,5.6,6,6.5,6.7,8.1,7.5,6.7,4.4,7.1,6.1,6.9,6.8,24
Lempira,Valladolid,1326,6.1,0,0,9.4,9.5,6.7,2.5,2.5,4.9,9,6.2,5.9,7,7.8,8.4,8.1,7.6,10,8.8,9.5,5.7,7.2,6,6.3,8.3,6.8,24
Colon,Limon,204,0,4,7.4,4.3,0,3.7,7,7,5.6,8.2,8.3,8.5,8.3,3,4.2,3.6,6.5,10,5.7,8.7,7.6,9,7.1,7.9,8.3,6.7,30
Comayagua,Meambar,310,7.2,6.4,0,5,0,4.4,7.7,7.7,6.3,8.1,7.5,7.7,7.8,2.2,5.9,4.3,6.4,5,7.1,6.2,8.8,9.7,6,8.2,7.3,6.7,30
Copan,Concepcion,403,6.8,0,0,7.9,5.2,4.8,5.7,5.7,5.3,9.3,7.5,7.6,8.1,2.4,6.5,4.8,6.8,10,7.6,9.1,7.5,7.7,7.9,7.7,8.5,6.7,30
Cortes,Omoa,503,8.4,9.8,0,6,0,6.4,9.5,9.5,8.4,6.4,7.1,6.8,6.8,9.9,3.8,8.1,7.5,6.7,2.6,5,5,4,4.8,4.6,4.8,6.7,30
Francisco Morazan,Reitoca,815,7.1,0,0,9.8,9.9,7.3,0,0,4.6,9.1,8.1,7.3,8.2,2.3,7.9,5.8,7.2,10,7.7,9.2,9.2,9.6,7.4,8.7,9,6.7,30
Intibuca,Magdalena,1008,6.3,0,0,7,9.3,5.8,6.5,6.5,6.2,7.9,7.2,7.1,7.4,4.8,4.9,4.9,6.3,10,6.5,8.8,5.3,7.2,4.9,5.8,7.6,6.7,30
Lempira,Piraera,1315,7.3,0,0,9.8,7.8,6.5,1.4,1.4,4.4,9.5,7.1,9.4,8.7,2.8,7.4,5.6,7.5,10,8.4,9.4,9.5,9.7,6.5,8.6,9,6.7,30
Lempira,Tambla,1324,5.9,5.4,0,9.3,9.6,7.2,2.7,2.7,5.4,6.7,6.4,6.8,6.6,2.6,9.4,7.3,7,10,7.2,9,7.1,4.9,5.3,5.8,7.8,6.7,30
Colon,Tocoa,209,0,10,0,6.7,0,5.3,9.2,9.2,7.8,5.8,6.8,6.9,6.5,10,5.4,8.6,7.7,6.7,1.9,4.7,4.6,5,4.9,4.8,4.8,6.6,38
Comayagua,La Libertad,306,4.3,4.3,0,6.6,5.1,4.4,9.1,9.1,7.4,6.9,7.3,7.3,7.2,8.4,5.5,7.2,7.2,3.3,4,3.7,7.4,7,5.8,6.7,5.4,6.6,38
El Paraiso,Danli,703,0,10,0,10,0,6.7,9.2,9.2,8.2,6.7,7.1,5.8,6.5,8,4.4,6.5,6.5,6.7,2.5,4.9,7,6.7,4.6,6.1,5.5,6.6,38
Intibuca,Masaguara,1009,7.1,3.2,0,9.9,0,5.7,3.9,3.9,4.9,9,7.7,7.5,8.1,3.8,6,5,6.8,10,7.2,9,8.5,8.4,8,8.3,8.7,6.6,38
La Paz,San Juan,1213,5.7,0,0,9.3,7.3,6.6,4,4,5.4,7.8,7.6,7.6,7.7,2.3,4.1,3.3,5.9,10,9.1,9.6,7.2,9.5,6.8,7.8,8.9,6.6,38
Lempira,Gracias,1301,8.5,0,0,10,7.1,6.8,8.8,8.8,8,7.4,6.3,6.6,6.8,5.7,8,7,6.9,3.3,4.1,3.7,7.2,6.6,4.7,6.2,5.1,6.6,38
Ocotepeque,La Encarnacion,1406,6.4,0,0,9.5,5.1,5.5,6.4,6.4,6,6.5,7.9,5.3,6.6,4.7,7.1,6,6.3,10,6.8,8.9,5.1,4.4,6.1,5.2,7.5,6.6,38
Santa Barbara,Naranjito,1614,7.2,0,0,6.3,0,3.5,7.1,7.1,5.6,7.9,7.7,6.1,7.2,9.3,6.4,8.2,7.7,3.3,6.8,5.3,9.2,7.5,6.5,7.7,6.7,6.6,38
Comayagua,San Jose de Comayagua,314,6.8,6.5,0,6.1,0,4.5,6.4,6.4,5.5,7.7,8.4,7.4,7.8,2.4,5.8,4.3,6.4,10,5.4,8.6,6.9,8.7,5.5,7,7.9,6.5,46
El Paraiso,Liure,707,6.8,4.2,0,9.5,9.6,7.3,0.9,0.9,4.9,9.5,8.1,7,8.2,0.4,6.5,4.1,6.6,6.7,9,8.1,9.7,9,7.7,8.8,8.5,6.5,46
Lempira,La Virtud,1312,6.6,2.2,0,5.1,9.2,5.6,5.1,5.1,5.4,8.2,6.4,6.8,7.1,8.2,7.2,7.7,7.4,6.7,7.7,7.2,5.2,6.6,7.7,6.5,6.9,6.5,46
Lempira,San Francisco,1317,6.9,5.4,0,9.6,9.7,7.6,0.2,0.2,4.9,9.2,7,8.2,8.1,3.5,7.1,5.6,7,3.3,9.6,7.7,9.3,9.1,6.6,8.3,8,6.5,46
Lempira,Santa Cruz,1322,6.7,0,0,7.7,5.9,4.8,4.4,4.4,4.6,9.6,6.7,8.7,8.3,0.4,7.6,5,7,6.7,8.9,8,9.3,9.2,8.1,8.9,8.5,6.5,46
Choluteca,El Triunfo,606,8.4,9.7,5.4,0,6.8,7.1,5.3,5.3,6.3,7.4,8.7,7.1,7.7,5.1,4.6,4.9,6.5,6.7,4.1,5.5,8.9,7.2,5.4,7.2,6.4,6.4,51
Choluteca,Morolica,608,0,9.2,0,6.7,9.6,6.8,1.7,1.7,4.7,8.7,8.9,6.9,8.2,2.1,7.2,5.2,7,6.7,8,7.4,8.9,9.2,7.5,8.5,8,6.4,51
Choluteca,San Jose,614,6.2,0,0,8.1,9.5,6.2,2.1,2.1,4.5,8.6,9.3,7.8,8.6,2.2,5.6,4.1,6.9,10,7.8,9.2,7.5,8.9,5.3,7.2,8.4,6.4,51
Francisco Morazan,Alubaren,802,6.5,9,0,9.5,9.6,8.1,1.6,1.6,5.8,8.1,7.8,7.8,7.9,1.8,4.6,3.3,6.1,6.7,7.5,7.1,9.1,7.5,6,7.5,7.3,6.4,51
Gracias a Dios,Brus Laguna,902,0,0,9.7,0,0,3.8,6.9,6.9,5.6,9.1,8.3,8.9,8.8,0.5,3.5,2.1,6.5,6.7,6.7,6.7,8.6,10,3.5,7.4,7.1,6.4,51
Intibuca,Jesus de Otoro,1007,7.1,0,0,9.2,0,4.7,9.5,9.5,7.9,6.8,6.8,6.5,6.7,3.8,5.7,4.8,5.8,6.7,3.7,5.4,7.7,6.8,4.2,6.2,5.8,6.4,51
Intibuca,San Antonio,1010,5.9,3.7,0,6.7,9.5,6.1,3.5,3.5,4.9,8.2,8.8,7.7,8.2,8,6.5,7.3,7.8,6.7,7.4,7.1,5.5,8.4,4.9,6.3,6.7,6.4,51
Intibuca,San Juan,1012,7.3,0,0,4.7,0,3.1,8.4,8.4,6.5,7.4,6.5,7.2,7,3.7,6.2,5.1,6.1,8.3,4.8,6.9,8.2,5.3,5.9,6.5,6.7,6.4,51
Intibuca,San Marcos de Sierra,1013,6.9,3.6,0,10,9.7,7.6,1,1,5.2,9.6,3.6,7.1,6.8,0.8,7.5,5,6,8.3,8.3,8.3,9.9,9.2,6.5,8.5,8.4,6.4,51
La Paz,Aguanqueterique,1202,5.9,0,0,9.5,9.5,6.7,4.3,4.3,5.6,7.9,7.6,5.8,7.1,2.4,6.4,4.7,6,8.3,7.2,7.8,8.5,8.7,6.4,7.9,7.9,6.4,51
Lempira,Erandique,1305,7.4,0,0,9.7,6.1,6.1,2,2,4.4,8.9,7.3,7.4,7.9,2.2,8.2,6,7.1,10,5.9,8.7,8.7,8.1,6.7,7.8,8.3,6.4,51
Lempira,San Marcos de Caiquin,1328,6.5,0,0,7.9,5.9,4.9,6.4,6.4,5.7,8.2,7.4,7.7,7.8,0.3,5.7,3.5,6.1,6.7,9,8.1,8.9,8,4.2,7,7.6,6.4,51
Santa Barbara,Nuevo Celilac,1615,6.8,0,0,7.9,0,4.7,6.1,6.1,5.4,7.4,8.6,7,7.7,6.1,5.7,5.9,6.9,6.7,7.6,7.2,7.2,6.7,6,6.6,6.9,6.4,51
Santa Barbara,Santa Rita,1624,6.2,0,0,8,0,3.8,6.2,6.2,5.1,7.9,8.2,7.3,7.8,2.2,5.8,4.2,6.3,10,7.6,9.1,8,5.4,5.9,6.4,8,6.4,51
Valle,San Francisco de Coray,1708,7,0,0,3.4,9.7,5.5,3.5,3.5,4.6,9.2,9.1,7,8.4,2.7,5.8,4.4,6.8,8.3,8,8.2,9.3,9.3,7.3,8.6,8.4,6.4,51
Yoro,Olanchito,1807,0,4.9,0,7,0,3,10,10,8.1,6.2,6.9,6.8,6.6,8.7,4.2,7,6.8,6.7,2.2,4.8,4.9,5.8,3.8,4.8,4.8,6.4,51
Comayagua,San Luis,316,0,0,0,5.4,5.6,2.7,7.2,7.2,5.4,7,7.8,7.4,7.4,2.6,4.6,3.7,5.9,10,5.3,8.6,6.7,7.2,6.2,6.7,7.8,6.3,67
Copan,San Juan de Opoa,418,7,0,0,6.3,0,3.4,6.7,6.7,5.3,7.9,8.2,6.5,7.5,0.8,5.6,3.6,5.9,10,6.9,8.9,6.9,7.6,6.4,7,8.1,6.3,67
El Paraiso,Soledad,714,6.9,5.2,0,9.5,9.7,7.5,1,1,5.1,8.9,8.2,6.5,7.9,4.2,4.5,4.4,6.5,6.7,7.9,7.3,8.7,8.4,6.4,7.8,7.6,6.3,67
El Paraiso,Teupasenti,715,0,0,0,10,6.7,5.3,6.4,6.4,5.9,8.9,8.6,6.7,8.1,1.1,5.2,3.4,6.3,3.3,5.7,4.6,8.7,9.2,6.7,8.2,6.8,6.3,67
Lempira,Candelaria,1303,6.7,3.8,0,9.6,6.9,6.4,0,0,3.9,8.9,8.1,7.5,8.2,2,9.3,7,7.7,10,7.7,9.2,6.1,8.2,5.6,6.6,8.2,6.3,67
Lempira,San Rafael,1320,7.3,0,0,9.1,0,4.7,5.4,5.4,5.1,8.7,8.1,7,7.9,3.1,7.3,5.6,6.9,6.7,7.9,7.3,8.4,7.2,5.7,7.1,7.2,6.3,67
Ocotepeque,Concepcion,1403,6.4,0,0,9.4,0,5.5,6.5,6.5,6,7.3,7.2,5.7,6.7,2.5,4.9,3.8,5.4,8.3,7.4,7.9,6.6,9.3,7.1,7.7,7.8,6.3,67
Olancho,Juticalpa,1501,0,5.7,0,8.5,0,3.9,9.2,9.2,7.4,6.4,6.5,6,6.3,9.1,4.4,7.4,6.9,3.3,2.4,2.9,5.9,7.5,5.4,6.3,4.8,6.3,67
Olancho,Guayape,1511,0,10,0,5.6,5.2,5.7,2.6,2.6,4.3,7.8,7.9,7.7,7.8,4.1,6.8,5.6,6.8,10,7.8,9.2,9,7.9,6.4,7.8,8.6,6.3,67
Santa Barbara,Arada,1602,7,9.4,0,9.5,0,6.9,4.7,4.7,5.9,7.1,7.9,6.6,7.2,2,5.3,3.8,5.8,10,6.2,8.8,5.7,4.1,5.6,5.1,7.4,6.3,67
Valle,Alianza,1702,6.8,10,7.3,0,0,6.4,4.2,4.2,5.4,7.4,6.8,7.3,7.2,5.8,3,4.5,6,10,7.3,9.1,4.4,5.4,5.6,5.1,7.6,6.3,67
Valle,Aramecina,1704,6.7,3.3,0,7.5,9.4,6.4,2.6,2.6,4.8,8,8.5,7.2,7.9,4.1,4.2,4.2,6.4,10,7.1,9,6.6,7.9,6.4,7,8.2,6.3,67
Choluteca,Pespire,611,7.8,9.5,0,5.5,9.9,7.8,4.2,4.2,6.3,6.9,8,6.7,7.2,4.3,5.5,4.9,6.2,6.7,6.1,6.4,7.2,6.6,3.7,5.8,6.1,6.2,79
Choluteca,San Isidro,613,6.1,4.7,0,9.3,9.5,7.1,0,0,4.4,8.1,9.3,6.8,8.1,0.9,5.8,3.7,6.4,10,8,9.3,8.3,9.4,3.4,7,8.4,6.2,79
El Paraiso,Vado Ancho,717,0,3.3,0,9.4,9.5,6.3,0,0,3.8,9.5,9.1,7.1,8.6,0.8,7.1,4.7,7.1,10,9.1,9.6,9.3,8.7,4.5,7.5,8.8,6.2,79
Francisco Morazan,Guaimaca,806,0,2.8,0,6.1,6.5,3.6,10,10,8.2,6.8,7.5,6.3,6.9,5,4.7,4.9,6,3.3,3.1,3.2,6.4,7.2,4.7,6.1,4.8,6.2,79
La Paz,Cabañas,1203,6.1,0,0,7.1,8.5,6.2,2.5,2.5,4.6,6.9,7.2,8.1,7.4,3.3,7.5,5.8,6.7,8.3,7.8,8.1,8.2,8,4.6,6.9,7.6,6.2,79
La Paz,Mercedes de Oriente,1209,4.9,0,0,9.1,9.3,7.1,0,0,4.4,8.3,7.2,8,7.8,2,7.6,5.5,6.8,8.3,9.2,8.8,4.5,8.9,6.3,6.6,7.9,6.2,79
La Paz,Santa Elena,1216,6.8,0,0,9.7,7.6,6.3,1.5,1.5,4.3,8.3,7.8,8.2,8.1,0.5,7.5,4.9,6.8,8.3,8.5,8.4,9.9,9.6,4.4,8,8.2,6.2,79
Lempira,Virginia,1327,5.7,9.3,0,5.7,9.4,7.1,0,0,4.4,9.2,6.7,7.6,7.8,6.8,7.8,7.3,7.6,6.7,8.8,7.9,5.5,7.7,6.5,6.6,7.3,6.2,79
Ocotepeque,Santa Fe,1414,6.4,0,0,9.4,0,4.7,6.3,6.3,5.6,6.6,7.4,5.9,6.6,4.9,3.9,4.4,5.6,10,5.8,8.7,5.4,6.4,6.3,6,7.6,6.2,79
Olancho,San Francisco de La Paz,1519,0,3.2,0,9.7,0,4.2,6.1,6.1,5.2,7.3,8.2,6.9,7.5,4.3,2.7,3.5,5.9,10,5.7,8.7,7.1,6.6,5.5,6.4,7.7,6.2,79
Santa Barbara,Concepcion del Norte,1607,6.9,0,0,8.8,0,4.4,4.9,4.9,4.7,8.1,8.2,7.3,7.9,1.4,5.8,3.9,6.3,10,8.2,9.3,7,6.4,5.4,6.3,8.2,6.2,79
Santa Barbara,Quimistan,1618,8,4.3,0,7.6,0,4.9,8.9,8.9,7.4,6.6,7,6.4,6.7,2.5,4.1,3.3,5.2,8.3,3.2,6.4,6.9,5.4,5.1,5.8,6.1,6.2,79
Santa Barbara,Nueva Frontera,1628,6.4,0,0,7.9,0,4.5,7.1,7.1,6,8.4,8.7,7.8,8.3,3.8,6,5,7,3.3,5.4,4.4,7.4,6.2,6.8,6.8,5.7,6.2,79
Copan,Cucuyagua,406,7,2.9,0,8.2,5.8,5.5,6.6,6.6,6.1,7.4,7.8,6.1,7.1,6.3,5.4,5.9,6.5,6.7,4,5.5,5.4,6.7,5.9,6,5.8,6.1,92
Choluteca,Orocuina,610,7.6,5.8,0,6.5,9.5,6.8,3.9,3.9,5.5,8,8.4,7,7.8,2.2,5.9,4.3,6.4,6.7,6,6.4,7.5,6.9,5.3,6.6,6.5,6.1,92
Intibuca,La Esperanza,1001,7.2,4.6,0,6.3,0,4.3,8.8,8.8,7.1,5.2,4.8,5.1,5,10,4,8.3,7,6.7,2,4.8,4.7,7.1,1.1,4.3,4.6,6.1,92
La Paz,San Jose,1212,6.9,0,0,5.4,5.8,5,3.9,3.9,4.5,8.6,8,7.5,8,0.7,5.7,3.6,6.3,10,7.1,9,8.3,7.2,3.8,6.4,8,6.1,92
La Paz,Santa Ana,1215,7.2,0,0,8.1,9.7,6.5,0,0,4,8.7,7.6,8.1,8.1,2.3,7.7,5.6,7,10,7.8,9.2,6.1,8.3,6.3,6.9,8.3,6.1,92
Lempira,Tomala,1325,6.6,0,0,9.4,9.7,6.9,1.3,1.3,4.7,7.5,7.2,7.3,7.3,2,6.8,4.8,6.2,10,7.6,9.1,6.8,5.5,4.2,5.5,7.8,6.1,92
Valle,Langue,1707,7.7,9.3,0,3.5,9.7,7.4,0,0,4.7,8.1,8.8,7,8,5.3,5.3,5.3,6.9,6.7,6.4,6.6,8.8,9,4.7,7.5,7.1,6.1,92
Yoro,Yorito,1811,0,0,0,9.9,6.4,5.1,5.1,5.1,5.1,8.7,8.3,7.6,8.2,2.3,6.3,4.6,6.8,3.3,7.2,5.6,8.8,7.4,5.8,7.3,6.5,6.1,92
Atlantida,Jutiapa,104,0,5.2,0,5,0,2.4,8.9,8.9,6.7,6.6,7.3,7.2,7,7.4,3.9,5.9,6.5,3.3,4.2,3.8,7.3,4.8,5.4,5.8,4.9,6,100
Atlantida,Tela,107,9.1,6.1,0,4.8,0,5.1,9.7,9.7,8.2,6,6.4,6.7,6.4,9.1,4.2,7.4,6.9,3.3,1.9,2.6,4.9,5.4,4.7,5,3.9,6,100
Comayagua,La Trinidad,308,6.2,0,0,0,0,1.7,6.4,6.4,4.5,8.1,7.4,8.2,7.9,2.7,5.2,4.1,6.4,8.3,7.6,8,6.8,6.9,6.6,6.8,7.4,6,100
Comayagua,San Jeronimo,313,4.3,5.3,0,6.6,6.2,4.8,4.9,4.9,4.9,7.6,7.3,6.7,7.2,6.9,5.6,6.3,6.8,6.7,5.1,6,7.3,8.6,5.3,7.1,6.6,6,100
Comayagua,San Sebastian,317,6.1,0,0,0,5,2.7,6.5,6.5,4.9,7.6,7.1,6.4,7,3.2,4.3,3.8,5.6,10,4.8,8.5,5.9,8.6,5.4,6.6,7.7,6,100
Copan,La Union,412,6.6,0,0,7.2,6,4.7,7.5,7.5,6.3,7.7,8.3,6.4,7.5,3.3,5.6,4.6,6.3,5,2.9,4,6.1,7,6.6,6.6,5.4,6,100
Copan,San Jeronimo,416,6.4,0,0,9.4,0,4.7,4,4,4.4,7.6,7,6.6,7.1,2.7,7.4,5.5,6.4,10,6.9,8.9,6,6.4,6.1,6.2,7.8,6,100
Copan,San Pedro,420,6.3,0,0,6.8,5.3,4.3,6.8,6.8,5.7,6.2,6.6,5.7,6.2,2.3,6.2,4.5,5.4,10,4.3,8.4,5,5.4,4.8,5.1,7.1,6,100
Copan,Veracruz,423,5.5,3,0,4.1,0,2.8,6.2,6.2,4.7,8.3,7.8,6.7,7.6,1.1,6,4,6.1,10,7.4,9.1,5.9,4.6,5.3,5.3,7.7,6,100
Choluteca,Choluteca,601,9.5,9.8,4.9,6.5,0,7.4,9.3,9.3,8.5,6.2,7.2,5.9,6.4,8.5,4.4,6.9,6.7,3.3,1.9,2.6,4.7,7.2,2.1,4.7,3.7,6,100
Choluteca,Marcovia,607,8.4,10,7.6,0,6.8,7.6,4.9,4.9,6.4,7.7,8.4,7.1,7.7,8.3,3.6,6.5,7.1,3.3,3.3,3.3,6.2,6.9,4.8,6,4.8,6,100
Intibuca,Camasca,1002,6.7,0,0,9.7,9.6,7,0,0,4.4,6.7,9,7.5,7.7,3.8,6.9,5.6,6.8,10,6.1,8.8,7.3,3,3.8,4.7,7.3,6,100
Intibuca,Intibuca,1006,7.7,0,0,8.2,0,4.4,4.2,4.2,4.3,6.9,5.7,7,6.5,1.5,8.7,6.3,6.4,10,3.7,8.2,7.9,8.6,4.8,7.1,7.7,6,100
Lempira,La Union,1311,7.2,0,0,8,3.9,4.7,3.2,3.2,4,9.4,8,6.8,8.1,2.1,6.8,4.9,6.8,10,7.3,9.1,7.4,4.6,6.8,6.3,8,6,100
Lempira,San Manuel Colohete,1319,7,0,0,9.7,6.4,6,1.8,1.8,4.2,8.9,7.1,8,8,0.5,7.3,4.8,6.7,6.7,8.8,7.9,9.5,7,6.6,7.7,7.8,6,100
Ocotepeque,San Fernando,1410,6.7,0,0,4.2,5.4,3.8,4.5,4.5,4.2,7.6,8.4,5.7,7.2,5.3,5.8,5.6,6.5,10,6.9,8.9,6.2,6.2,7.1,6.5,7.9,6,100
Santa Barbara,San Francisco de Ojuera,1619,6.7,0,0,9.4,0,5.6,0,0,3.3,7.3,7,7.1,7.1,8.8,7.5,8.2,7.7,10,8.4,9.4,8.3,7.5,5,6.9,8.4,6,100
Yoro,Morazan,1806,6.6,0,0,7.5,0,3.7,7.8,7.8,6.2,7.6,8,7.3,7.6,10,6.4,8.8,8.3,0.7,3.6,2.3,6.1,6.8,4.6,5.8,4.3,6,100
Colon,Santa Fe,206,0,9,0,0,4.9,4,3.7,3.7,3.9,6.6,6.7,8.5,7.3,6.9,6.7,6.8,7.1,10,5.8,8.7,6.7,4.6,5.2,5.5,7.4,5.9,118
Comayagua,Villa de San Antonio,319,7.6,0,0,3.7,8.4,5,7.3,7.3,6.3,6.1,6.8,6.3,6.4,2.1,2.6,2.4,4.7,10,3.7,8.2,5.5,5.7,4.7,5.3,7,5.9,118
El Paraiso,Moroceli,708,0,0,0,7.7,5.7,4.2,7.7,7.7,6.3,7.1,8.5,6.3,7.3,0.4,3.9,2.3,5.3,6.7,4.8,5.8,7.9,8.1,3.2,6.4,6.1,5.9,118
Francisco Morazan,La Libertad,807,5.9,0,0,6.1,9.7,5.7,3.2,3.2,4.6,7.5,7.7,5.9,7,3.1,4.8,4,5.7,6.7,8.8,7.9,8.3,9.2,6.1,7.9,7.9,5.9,118
Francisco Morazan,Marale,811,0,4.1,0,9.6,5.9,5.3,1,1,3.4,9.4,8.3,8.2,8.6,4.5,7.4,6.2,7.6,5,7.4,6.3,9.5,9.5,8.4,9.1,8,5.9,118
Francisco Morazan,Talanga,824,0,3.6,0,6.4,6.7,3.9,8.5,8.5,6.8,7.5,7.4,6.4,7.1,6.1,3.7,5,6.2,5,3.1,4.1,4.8,8.4,3,5.4,4.8,5.9,118
Intibuca,Concepcion,1004,7,0,0,9.4,9.6,6.9,1.1,1.1,4.6,7.6,8.5,7.6,7.9,6.1,6.3,6.2,7.1,6.7,6.5,6.6,6.9,6.2,5.4,6.2,6.4,5.9,118
La Paz,La Paz,1201,7.6,4.5,0,6.9,0,4.6,9.1,9.1,7.5,6.4,6.7,5.8,6.3,3,5.7,4.5,5.5,6.7,2.7,5,4.6,6.3,3.8,4.9,5,5.9,118
Santa Barbara,Ilama,1612,6.9,0,0,6.6,0,4.2,5,5,4.6,6.9,7.5,6.2,6.9,0.5,6.3,4,5.6,10,6.2,8.8,8,4.8,6.4,6.4,7.8,5.9,118
Valle,Amapala,1703,7.2,6.3,7.6,3.6,5.8,6.3,3.3,3.3,5,7.3,8.1,6.6,7.3,4.1,4.5,4.3,6,10,4.4,8.4,5.5,5,4.5,5,7,5.9,118
Colon,Iriona,203,0,3.7,8.8,5.7,0,4.6,6.6,6.6,5.7,6.7,6.5,7.2,6.8,3.1,3.8,3.5,5.4,5,5.4,5.2,7.9,8.7,5.5,7.4,6.4,5.8,128
Comayagua,Comayagua,301,9.4,5,0,8.4,0,6,10,10,8.7,6.1,6.2,6.2,6.2,8.3,5.4,7.1,6.7,0.7,1.8,1.3,3.7,7.1,4.3,5,3.4,5.8,128
Comayagua,Humuya,305,5.3,0,0,0,8.1,3.6,6.1,6.1,5,6.3,7,6.1,6.5,0.8,4.1,2.6,4.8,10,8.6,9.4,6.1,7.7,5.4,6.4,8.3,5.8,128
Copan,Santa Rosa de Copan,401,7,2.8,0,6,7,5.1,7.8,7.8,6.6,5.2,5,4.8,5,9.8,5.9,8.5,7.1,6.7,1.2,4.5,3.6,5.1,3,3.9,4.2,5.8,128
Choluteca,Concepcion de Maria,603,7.9,7.9,0,6.2,6.9,6.4,0.9,0.9,4.2,7.8,9.1,7.3,8.1,2.4,6,4.4,6.6,6.7,6.9,6.8,9.2,7.4,5.9,7.5,7.2,5.8,128
Choluteca,El Corpus,605,7.9,3.4,0,6.4,6.8,5.5,3.3,3.3,4.5,7.6,9.2,6.9,7.9,1.4,5.9,4,6.3,6.7,5.7,6.2,9,7.5,5.5,7.3,6.8,5.8,128
Francisco Morazan,San Juan de Flores,820,0,4.4,0,8.6,5.8,4.7,5.6,5.6,5.2,7.4,8.1,7,7.5,0.3,3.6,2.1,5.4,8.3,4,6.6,7.9,7.1,6.3,7.1,6.9,5.8,128
Gracias a Dios,Puerto Lempira,901,0,5.8,9.7,0,0,4.8,3.7,3.7,4.3,9.1,6.3,6.7,7.4,0.9,3.2,2.1,5.3,10,6.3,8.8,9.5,9.7,4.7,8,8.4,5.8,128
Intibuca,San Francisco de Opalaca,1017,6.2,0,0,9.7,0,4.9,1,1,3.2,9.3,6.4,7.7,7.8,0.2,8,5.3,6.7,8.3,9.9,9.3,10,9.5,6.4,8.6,9,5.8,128
La Paz,Guajiquiro,1206,7,5.1,0,9.8,9.3,7.5,1.4,1.4,5.2,8,4.5,6,6.2,0,5.9,3.5,5,5,8.5,7.1,8.6,10,4.2,7.6,7.4,5.8,128
La Paz,Santa Maria,1217,7.1,0,0,9.6,5.8,5.9,1.7,1.7,4.1,7.7,8.1,7.4,7.7,0.7,6,3.8,6.1,10,5.7,8.7,8.8,6.8,5.1,6.9,7.9,5.8,128
La Paz,Yarula,1219,6.8,0,0,8.6,8.5,6,1,1,3.9,8.9,7.4,8.1,8.1,0.5,6.9,4.4,6.6,6.7,8.2,7.5,9.7,8.8,3.9,7.5,7.5,5.8,128
Ocotepeque,Mercedes,1409,6.7,0,0,9.5,6.3,6.7,0,0,4.1,7.3,7.6,5.9,6.9,3.2,7.1,5.5,6.3,10,6.5,8.8,5.6,5.7,5.7,5.7,7.6,5.8,128
Olancho,Esquipulas del Norte,1507,0,9.4,0,9.7,0,6.1,0,0,3.6,8.8,7,7.8,7.9,1.6,6.3,4.3,6.4,8.3,8.6,8.5,8.5,8.4,8.2,8.4,8.5,5.8,128
Santa Barbara,Santa Barbara,1601,8.3,4.1,0,7.1,0,4.8,7.9,7.9,6.6,5.7,6.4,5.7,5.9,8.8,6.3,7.8,7,6.7,1.8,4.7,4.5,3.8,2.8,3.7,4.2,5.8,128
Santa Barbara,San Luis,1620,7.9,0,0,9.3,0,5.9,4.4,4.4,5.2,8,7.6,6.7,7.4,3.1,7,5.4,6.5,3.3,4.9,4.1,8.8,6.4,6.3,7.2,5.9,5.8,128
Santa Barbara,San Marcos,1621,7.4,2.9,0,6.1,0,3.9,7.1,7.1,5.7,7,7.4,6.7,7,3,7,5.3,6.2,6.7,4.2,5.6,6.1,5.3,5,5.5,5.6,5.8,128
Colon,Saba,205,0,3.7,0,6,0,2.3,7.7,7.7,5.6,6,7.1,6.6,6.6,10,3,8.1,7.4,6.7,2.6,5,3.8,4.9,2.8,3.8,4.4,5.7,145
La Paz,Chinacla,1205,6.8,0,0,9.2,5.8,5.5,2.3,2.3,4.1,8.1,7,7.5,7.5,0.8,5.8,3.7,5.9,8.3,7.1,7.8,8.6,8.3,5.4,7.4,7.6,5.7,145
La Paz,Lauterique,1207,5.9,0,0,9.6,9.4,6.7,0,0,4.1,8,7.4,6.3,7.2,2.9,7.4,5.6,6.5,3.3,8.8,6.9,8.3,6.8,6.5,7.2,7.1,5.7,145
Lempira,Cololaca,1304,6.9,2.7,0,9.5,6,6.1,0,0,3.6,8.3,7,6.4,7.2,4.1,5.8,5,6.2,10,7.6,9.1,7.6,6.9,7.7,7.4,8.4,5.7,145
Lempira,Lepaera,1313,8.2,4.1,0,6.6,0,4.6,3.9,3.9,4.3,8.3,8.2,7.4,8,6.8,6.7,6.8,7.4,3.3,4.6,4,8.7,7.4,5.7,7.3,5.9,5.7,145
Santa Barbara,Atima,1603,7.5,0,0,7.2,0,3.9,5.5,5.5,4.8,8.1,7.8,6.6,7.5,4,6.4,5.3,6.5,3.3,6.8,5.3,7.6,7.2,5.1,6.6,6,5.7,145
Santa Barbara,Ceguaca,1605,6.4,0,0,4.1,0,2.6,6.3,6.3,4.7,6.7,5.8,5.5,6,0.9,5.9,3.8,5,10,7.3,9.1,5.9,5.5,6,5.8,7.8,5.7,145
Santa Barbara,Petoa,1616,6.2,0,0,9.3,0,5.4,7.4,7.4,6.5,7,8.1,6.7,7.3,0.9,6.5,4.2,6,3.3,5.4,4.4,5.5,4.5,4.9,5,4.7,5.7,145
Santa Barbara,San Pedro Zacapa,1623,6.6,0,0,6,0,3.2,5.6,5.6,4.5,6.5,8.2,6.8,7.2,1.6,5.2,3.6,5.7,10,5.3,8.6,6.1,4.8,2.9,4.6,7.1,5.7,145
Valle,Caridad,1705,6.2,0,0,6.7,9.5,5.8,0,0,3.4,7.5,8.4,6.6,7.5,6.8,4,5.6,6.7,10,7.4,9.1,7.6,8.1,5.1,6.9,8.2,5.7,145
Yoro,Arenal,1802,0,0,0,4.1,0,1,6.4,6.4,4.2,6.8,7.7,7.5,7.3,1.6,5.9,4.1,5.9,10,5.8,8.7,5.9,6.1,3.5,5.2,7.3,5.7,145
Yoro,Santa Rita,1808,7.7,4.7,0,5,0,4.1,5.1,5.1,4.6,6.1,6.6,6.5,6.4,10,4.4,8.4,7.5,8.3,2.8,6.3,4.6,5.4,3,4.3,5.4,5.7,145
Atlantida,Arizona,108,7.4,5.6,0,4.9,0,4.2,8.9,8.9,7.2,6.1,7.2,6.6,6.6,4,4.1,4.1,5.5,5,3.5,4.3,5.1,4.5,4,4.5,4.4,5.6,157
Comayagua,Siguatepeque,318,9.1,2.8,0,6,3.9,5.3,7.8,7.8,6.7,5.8,6.2,6.2,6.1,8.5,3.8,6.7,6.4,5,1.4,3.4,4,6.5,4,4.8,4.1,5.6,157
El Paraiso,San Lucas,712,0,0,0,6.2,9.6,4.8,1.1,1.1,3.2,8.5,9.2,6.3,8,0.7,7.4,4.9,6.7,8.3,8.4,8.4,9.3,8.3,7.6,8.4,8.4,5.6,157
Intibuca,Dolores,1005,6.2,0,0,7.9,0,3.7,4.1,4.1,3.9,8.8,6.9,7.5,7.7,0.4,5.8,3.6,6,6.7,8.1,7.5,6.5,9.3,6.3,7.4,7.5,5.6,157
Intibuca,Yamaranguila,1016,7.7,3.8,0,8,6.5,5.9,1.7,1.7,4.1,8.1,7.2,7.3,7.5,0.8,6.5,4.2,6.1,6.7,6,6.4,9.2,8.1,5,7.4,6.9,5.6,157
La Paz,San Antonio del Norte,1211,5.7,0,0,9.2,9.3,6.4,0,0,3.9,7.1,6.5,6.7,6.8,5.8,6.1,6,6.4,8.3,7.3,7.8,6.1,7.5,5.4,6.3,7.1,5.6,157
Lempira,Belen,1302,6.6,9.3,0,5.3,0,5.4,1.2,1.2,3.6,8.4,6.7,8.6,7.9,1.6,5.8,4,6.3,8.3,7.1,7.8,8.9,8.3,6,7.7,7.8,5.6,157
Ocotepeque,Lucerna,1408,6.6,0,0,9.4,5.1,5.5,0.2,0.2,3.3,7.7,8.1,6.4,7.4,2.9,6.8,5.2,6.4,10,7,9,7.3,6.2,8.1,7.2,8.2,5.6,157
Ocotepeque,San Jorge,1412,6.4,0,0,9.4,5.3,5.5,0,0,3.2,8.4,8.2,5.7,7.4,1.9,6.4,4.5,6.2,10,9.2,9.7,6.9,6.6,7.5,7,8.7,5.6,157
Olancho,Santa Maria del Real,1520,0,3,0,5.3,0,1.9,7,7,5,6.9,7.6,6.7,7.1,4.2,3.1,3.7,5.7,8.3,4.3,6.7,4.5,6.8,5.4,5.6,6.2,5.6,157
Santa Barbara,Macuelizo,1613,6.9,0,0,7,0,3.6,8.8,8.8,6.9,7.1,7.8,6.7,7.2,0.7,6.9,4.5,6,3.3,4.2,3.8,5.2,4.2,4.7,4.7,4.3,5.6,157
Cortes,Puerto Cortes,506,9.3,4.6,0,0,0,4.2,10,10,8.3,5.2,5.5,6.1,5.6,8.8,3.3,6.9,6.3,3.3,2.3,2.8,3.4,3.1,3.8,3.4,3.1,5.5,168
Choluteca,San Antonio de Flores,612,6.5,8.5,0,3.9,6.6,5.8,0,0,3.4,7.7,8.8,6.9,7.8,3.1,4.3,3.7,6.2,10,7.1,9,7,6.7,4.3,6,7.8,5.5,168
El Paraiso,Alauca,702,0,4.8,0,6,9.7,5.5,2.4,2.4,4.1,7.4,8.3,6.4,7.4,0.3,4.7,2.8,5.6,8.3,6.9,7.7,8.7,7.5,4.1,6.8,7.3,5.5,168
El Paraiso,San Antonio de Flores,711,0,2.8,0,4.9,9.5,4.8,1.7,1.7,3.4,7,8.4,6.3,7.2,0.5,6.5,4.1,5.9,10,7.6,9.1,8.8,8.1,5.5,7.5,8.4,5.5,168
Francisco Morazan,San Miguelito,821,5.5,0,0,5.6,9.5,5.4,0,0,3.1,7.9,7.4,7.7,7.7,2.7,5.6,4.3,6.3,10,8.9,9.5,7.5,8.8,5.5,7.3,8.6,5.5,168
Olancho,Guata,1510,0,6.9,0,8.6,0,4.3,0.8,0.8,2.7,9.6,7.6,8,8.4,0.7,7.4,4.9,7,8.3,7.9,8.1,10,9.9,8.9,9.6,9,5.5,168
Santa Barbara,Azacualpa,1604,7.7,0,0,6.2,0,4.4,4.3,4.3,4.4,7.3,7.8,6.5,7.2,7.2,4.7,6.1,6.7,6.7,3.7,5.4,6.2,6.1,4.8,5.7,5.6,5.5,168
Valle,Nacaome,1701,8.6,5.4,7.6,4.7,6.8,6.9,1.3,1.3,4.7,7.6,8,6.8,7.5,9.1,3.5,7.2,7.4,3.3,3.7,3.5,6.5,5.9,4.9,5.8,4.8,5.5,168
Yoro,El Negrito,1803,7.4,0,0,9,0,4.7,5.2,5.2,5,6.9,7.6,7,7.2,8,4.6,6.6,6.9,3.3,3.5,3.4,6.4,6.5,5.1,6,4.8,5.5,168
Atlantida,La Ceiba,101,0,8.3,0,5.5,0,3.7,10,10,8.2,4.9,5.4,6.1,5.5,9,3.2,7,6.3,3.3,0.3,1.9,2.2,5.9,3.6,3.9,3,5.4,177
Comayagua,Ajuterique,302,7.2,3.3,0,4.5,0,3.5,8.3,8.3,6.5,5.9,6.7,6.1,6.2,2.1,2.7,2.4,4.6,6.7,5.8,6.3,4.6,3.6,4.4,4.2,5.3,5.4,177
Copan,El Paraiso,409,7.3,0,0,8.3,0,4.3,2.4,2.4,3.4,8.2,7.5,7.6,7.8,5.6,7.6,6.7,7.3,6.7,4.3,5.6,7.5,7.3,6.7,7.2,6.5,5.4,177
Copan,San Antonio,415,7,0,0,9.5,0,4.9,1.9,1.9,3.5,8.3,8.1,6.9,7.8,3.1,6.4,5,6.6,6.7,6,6.4,6.4,8.5,6.7,7.2,6.8,5.4,177
Copan,San Jose,417,6.7,0,0,3.7,0,2.6,4.5,4.5,3.6,6.7,7.3,6.5,6.8,1.4,7.1,4.9,5.9,10,6.2,8.8,5.5,5.8,5.3,5.5,7.5,5.4,177
Cortes,Potrerillos,505,7.8,9.3,0,0,0,5,5.9,5.9,5.5,6.4,6.3,6.5,6.4,6.2,3,4.8,5.7,6.7,2.6,5,4.1,6.6,4,4.9,5,5.4,177
Cortes,Santa Cruz de Yojoa,510,8.8,4.9,0,5.2,0,4.7,8.9,8.9,7.3,5.9,6.3,6.6,6.3,8.4,3.5,6.6,6.5,3.3,2.3,2.8,4.4,3.3,4.1,3.9,3.4,5.4,177
Choluteca,Duyure,604,0,9,0,3.8,9.5,6.1,0,0,3.6,7.4,9.4,5.6,7.5,0.5,4.2,2.5,5.5,10,7.1,9,7.4,8.5,4.6,6.8,8.1,5.4,177
Francisco Morazan,La Venta,808,6.6,3.1,0,7.1,9.5,6.3,0.2,0.2,3.9,7.4,8,6.6,7.3,0.9,2.8,1.9,5.2,10,5.7,8.7,6.2,7.5,6,6.6,7.8,5.4,177
Francisco Morazan,Ojojona,813,5.3,0,0,6.2,5.8,4,4,4,4,8.2,7.4,5.9,7.2,0.4,4.5,2.7,5.4,8.3,6.1,7.4,7.6,9.6,5.1,7.4,7.4,5.4,177
La Paz,Opatoro,1210,6.8,0,0,4.2,9.2,5.2,0,0,3,8.6,6.7,7,7.4,0.2,7.5,4.8,6.3,10,8.6,9.4,9.1,7.3,4.9,7.1,8.5,5.4,177
La Paz,San Pedro de Tutule,1214,6.7,0,0,8.4,5.5,5,1.4,1.4,3.4,8,8.4,7.1,7.8,1.2,5.2,3.5,6.1,10,6.2,8.8,7,5.5,4.2,5.6,7.5,5.4,177
Ocotepeque,San Marcos,1413,7,0,0,5.3,6.2,4.3,5.3,5.3,4.8,6.1,5.4,5.2,5.6,8.7,7.1,8,7,6.7,3.1,5.2,4.6,3.6,3.8,4,4.6,5.4,177
Olancho,Mangulile,1514,0,2.2,0,9.8,4,4.8,0,0,2.7,8.9,8.3,8.4,8.5,3.2,6.4,5,7.1,6.7,8,7.4,9.5,9.5,8.6,9.2,8.4,5.4,177
Olancho,Patuca,1523,0,3,0,8.4,0,3.2,3.7,3.7,3.5,8.1,8.2,7.7,8,4,5.4,4.7,6.6,5,5.8,5.4,8.4,9.2,5.4,7.7,6.7,5.4,177
Santa Barbara,Concepcion del Sur,1608,6.5,0,0,9.5,0,4.8,3.6,3.6,4.2,7.2,7.4,6.4,7,4.4,6.6,5.6,6.4,6.7,6.4,6.6,6.3,4.5,5.3,5.4,6,5.4,177
Yoro,El Progreso,1804,7.7,10,0,6.4,0,6.4,10,10,8.8,5.2,5.4,6,5.5,9,3.8,7.2,6.4,3.3,0.8,2.1,3.3,3.9,2.9,3.4,2.8,5.4,177
Cortes,Choloma,502,9.9,8,0,6.2,0,6.4,10,10,8.8,5.2,4.8,5.3,5.1,8.5,2.5,6.4,5.8,3.3,0.6,2.1,3,4.6,3.6,3.7,2.9,5.3,194
Choluteca,San Marcos de Colon,615,6.9,4.1,0,5.5,6.1,4.9,1.9,1.9,3.5,6.7,8.1,6.5,7.1,2.7,4.9,3.9,5.7,10,3.5,8.2,7,8,4.2,6.4,7.4,5.3,194
Francisco Morazan,Distrito Central,801,0,9.9,0,7.7,6.3,6.3,10,10,8.8,4.6,4.8,4.5,4.6,8.1,3.2,6.2,5.5,5,0.2,2.9,1.3,5,2.6,3,3,5.3,194
Intibuca,San Isidro,1011,6.3,0,0,6.8,0,3.3,2.4,2.4,2.9,7.1,7.1,7.1,7.1,0.7,7.5,5,6.2,10,7.3,9.1,8,7.8,4.7,6.8,8.2,5.3,194
La Paz,Santiago de Puringla,1218,7.5,0,0,9.3,6,5.8,2.2,2.2,4.2,7.8,7.6,6.9,7.4,1.4,6.5,4.4,6.1,3.3,5.8,4.7,8.6,6.1,5.5,6.7,5.8,5.3,194
Lempira,Talgua,1323,7.1,0,0,6.7,5.6,4.6,1.3,1.3,3.1,8.3,6.9,6.8,7.3,3.8,7.6,6,6.7,8.3,7.6,8,7.8,5.8,5.6,6.4,7.3,5.3,194
Ocotepeque,Belen Gualcho,1402,7.4,0,0,7.3,6,4.9,0.5,0.5,3,8.6,8.7,7.3,8.2,1.3,7.4,5.1,6.9,6.7,7.5,7.1,8.4,7,6.7,7.4,7.3,5.3,194
Ocotepeque,San Francisco del Valle,1411,7,0,0,4,5.5,4.6,4.5,4.5,4.6,7.1,7.5,5.9,6.8,1.7,5.1,3.6,5.4,6.7,5.1,6,5.8,6,6.9,6.2,6.1,5.3,194
Olancho,Campamento,1502,0,6.2,0,8.1,3.9,4.4,4.2,4.2,4.3,7.3,7.8,6.7,7.3,6.1,4.6,5.4,6.4,3.3,3.9,3.6,7.4,8.9,3.6,6.6,5.3,5.3,194
Olancho,Dulce Nombre de Culmi,1505,0,2.8,0,6.1,0,2.2,2.3,2.3,2.3,8.5,8.4,7.6,8.2,7.8,5.2,6.7,7.5,10,6.1,8.8,8.5,9.9,6.7,8.4,8.6,5.3,194
Olancho,Gualaco,1508,0,2.1,0,7.8,0,2.7,2.8,2.8,2.8,8.4,8.2,7.7,8.1,4.1,4,4.1,6.5,10,5.3,8.6,7.9,9.6,6.4,8,8.3,5.3,194
Santa Barbara,El Nispero,1610,6.8,0,0,9.2,0,4.6,3.6,3.6,4.1,6.7,6.8,6,6.5,1,5,3.3,5.1,10,4.4,8.4,5.6,5.5,5.3,5.5,7.2,5.3,194
Yoro,Jocon,1805,0,7.4,0,7.5,5.6,4.9,1,1,3.2,8.1,8.7,8.1,8.3,1.5,6,4.1,6.7,6.7,6.7,6.7,8.9,7.5,5.6,7.3,7,5.3,194
Yoro,Sulaco,1809,0,0,0,5.2,4.4,2.3,4.7,4.7,3.6,7.8,8.3,8.1,8.1,6.8,6,6.4,7.3,3.3,6.2,4.9,7.8,6.9,4.9,6.5,5.8,5.3,194
Atlantida,Esparta,103,6.8,2.9,0,0,0,2.5,8,8,5.9,5.9,7.2,6.9,6.7,3.5,4.2,3.9,5.5,3.3,4.1,3.7,5.9,3.9,5.1,5,4.4,5.2,208
Colon,Balfate,202,0,4.7,0,6.2,0,2.7,2.9,2.9,2.8,7.8,8.4,8,8.1,4.9,5.4,5.2,6.9,6.7,4.9,5.9,8.3,9.4,6.4,8,7.1,5.2,208
Colon,Sonaguera,208,0,2.5,0,5.1,0,1.8,5.3,5.3,3.8,6.3,7.5,6.8,6.9,10,3.8,8.3,7.7,6.7,3.2,5.2,5,4,4.6,4.5,4.9,5.2,208
Comayagua,Lamani,307,6.7,0,0,3.4,0,2.5,4.8,4.8,3.7,7.4,8.2,7.4,7.7,2.5,3.3,2.9,5.8,8.3,5,7,6.9,7.2,4.9,6.3,6.7,5.2,208
Copan,Nueva Arcadia,413,7.1,2.9,0,6.7,0,4,8.8,8.8,7.1,6.2,6.1,5.8,6,5.6,4.4,5,5.5,3.3,2.6,3,4.7,4.5,4.1,4.4,3.7,5.2,208
Cortes,San Pedro Sula,501,10,7.2,0,7.7,0,6.6,10,10,8.9,4.5,4.7,4.8,4.7,8.4,3.5,6.6,5.7,4,0,2.2,1.9,4.4,3.1,3.1,2.7,5.2,208
Francisco Morazan,El Porvenir,805,0,0,0,4.1,0,1,4.7,4.7,3.1,7.4,7.7,6.9,7.3,10,2.5,8,7.7,6.7,4.4,5.7,5.3,5.6,7,6,5.9,5.2,208
Francisco Morazan,Vallecillo,828,0,0,0,7.8,5.3,3.4,2.4,2.4,2.9,7.9,8.5,6.4,7.6,7.5,5.6,6.7,7.2,8.3,5,7,6.3,7.6,5.6,6.5,6.8,5.2,208
Lempira,Mapulaca,1314,6.3,0,0,4.8,9.4,5.3,0,0,3.1,7.9,6.6,6.8,7.1,7.9,6.7,7.3,7.2,6.7,7,6.9,5.1,5.2,6.7,5.7,6.3,5.2,208
Olancho,La Union,1513,0,9,0,5.2,0,4.1,2.4,2.4,3.3,6.9,8,7.7,7.5,6.5,3.3,5.1,6.5,8.3,5.7,7.2,7.1,6.8,4.4,6.1,6.7,5.2,208
Santa Barbara,Chinda,1609,6.3,0,0,6.3,0,3.2,1.9,1.9,2.6,7.8,7.4,7.8,7.7,2.3,7.6,5.5,6.7,10,8,9.3,7,4.9,7.1,6.3,8.2,5.2,208
Atlantida,La Masica,105,0,5.3,0,6,0,2.8,8.8,8.8,6.7,6,6.7,6.9,6.5,5.1,4.3,4.7,5.7,0.7,3.1,2,5.8,4.8,3.8,4.8,3.5,5.1,219
Choluteca,Namasigue,609,8,5.8,0,4.6,7,5.6,1.5,1.5,3.8,7.9,9,6.9,7.9,2.3,4.8,3.7,6.2,2.3,4.9,3.7,8.7,7.6,5.1,7.1,5.7,5.1,219
Choluteca,Santa Ana de Yusguare,616,7.4,6.3,0,4.7,6.3,5.4,2.6,2.6,4.1,7.6,8.5,6.5,7.5,0.7,4.5,2.8,5.6,6.7,4.7,5.8,6.4,6.8,3.4,5.5,5.7,5.1,219
El Paraiso,Oropoli,709,0,9.1,0,3.9,9.6,6.3,0.2,0.2,3.9,7,7.8,6.2,7,1.1,5.5,3.6,5.6,5,7.1,6.2,7.4,5.9,4.2,5.8,6,5.1,219
Francisco Morazan,Orica,814,0,0,0,5.3,6.3,2.9,2.4,2.4,2.7,8.1,8.2,7.7,8,6.1,5,5.6,7,8.3,6.2,7.4,6.7,7.2,6.3,6.7,7.1,5.1,219
La Paz,Cane,1204,6.1,0,0,0,0,1.6,6.3,6.3,4.3,5.9,6.1,6.2,6.1,0.5,4,2.4,4.5,10,4.2,8.3,4.2,5.4,3.4,4.3,6.7,5.1,219
Ocotepeque,La Labor,1407,7,0,0,7.1,5.5,4.6,4.7,4.7,4.7,6.5,6.9,5.6,6.3,4,3.3,3.7,5.1,6.7,5.2,6,4.9,4.3,5.5,4.9,5.5,5.1,219
Ocotepeque,Sinuapa,1416,6.2,4.9,0,7,5.2,5,3.7,3.7,4.4,6.4,6.4,5.5,6.1,2.6,4.2,3.4,4.9,8.3,4.2,6.7,5,4.5,6.9,5.5,6.1,5.1,219
Olancho,Yocon,1522,0,2.2,0,6.4,4,2.9,0.8,0.8,1.9,9.4,7.9,8.6,8.6,5.8,6,5.9,7.5,10,8.9,9.5,9.5,8.8,8.2,8.8,9.2,5.1,219
Santa Barbara,Trinidad,1626,6.8,0,0,8.2,0,4.1,7.7,7.7,6.2,6.4,6.9,5.9,6.4,1.3,5.8,3.9,5.3,3.3,4.2,3.8,5.3,2.7,4.8,4.3,4.1,5.1,219
Santa Barbara,Las Vegas,1627,7.3,0,0,6.3,0,3.5,8.7,8.7,6.8,5.8,7.3,6.8,6.6,3.5,4,3.8,5.4,3.3,1.8,2.6,5.1,4,4.5,4.5,3.6,5.1,219
Valle,San Lorenzo,1709,8.3,9.3,3.6,0,0,5.7,1.3,1.3,3.8,6.5,7,6.1,6.5,7.3,4.6,6.1,6.3,8.3,2.5,6.2,4.2,6.7,4,5,5.6,5.1,219
Comayagua,Ojos de Agua,312,5.5,2.6,0,8.2,0,4.1,4.2,4.2,4.2,7,7.3,7.1,7.1,1.7,4.8,3.4,5.5,2.3,6.1,4.5,6.7,6.8,5.1,6.2,5.4,5,231
Cortes,Villanueva,511,7.4,9.2,0,5.1,0,5.6,8.2,8.2,7.1,5.3,5.4,5.7,5.5,8.4,3.2,6.5,6,3.3,0.9,2.2,2.7,4.3,3.5,3.5,2.9,5,231
Francisco Morazan,Cedros,803,0,0,0,6.7,4.9,3.5,2.2,2.2,2.9,7.5,8.5,6.4,7.5,9,4,7.2,7.4,5,4.4,4.7,6.2,8.4,5.5,6.7,5.8,5,231
Ocotepeque,Ocotepeque,1401,5.9,0,0,7.8,0,3.6,4.7,4.7,4.2,5.4,5.3,5.2,5.3,9.6,3.1,7.6,6.6,6.7,2.2,4.8,3.2,5.8,3.3,4.1,4.5,5,231
El Paraiso,El Paraiso,704,0,5.9,0,7.9,0,3.7,7.7,7.7,6.1,6.2,6.7,5.6,6.2,1.3,3.6,2.5,4.6,3.3,2.5,2.9,6.5,6.3,3.5,5.4,4.3,4.9,235
El Paraiso,Yauyupe,718,0,0,0,6.4,9.3,4.6,0,0,2.6,8.1,7.7,6.7,7.5,0.5,6.6,4.2,6.1,8.3,8.7,8.5,7,7.5,3.5,6,7.5,4.9,235
Francisco Morazan,Sabanagrande,816,6.6,4.5,0,7.5,8.6,6.2,1.7,1.7,4.3,6.7,7.4,6.1,6.7,1.8,4.3,3.1,5.2,5,4.3,4.7,6,7.5,4.2,5.9,5.3,4.9,235
La Paz,Marcala,1208,8,0,0,6.9,6.8,5.2,4.8,4.8,5,6,6,5.7,5.9,4,7.3,5.9,5.9,3.3,3,3.2,6.4,4.6,3.3,4.8,4,4.9,235
Santa Barbara,San Nicolas,1622,7.4,0,0,8.3,0,5.1,1.4,1.4,3.5,7.2,8,6.6,7.3,2.4,6.3,4.6,6.1,6.7,4.4,5.7,6.8,4.7,4.9,5.5,5.6,4.9,235
Valle,Goascoran,1706,7.4,9,0,0,9.3,6.7,0,0,4.1,7.3,7.4,6.5,7.1,4.1,5,4.6,6,3.3,4.5,3.9,5.3,7.3,4.7,5.8,4.9,4.9,235
Cortes,San Antonio de Cortes,507,7.7,3.9,0,4.1,0,3.8,2.2,2.2,3,7.2,7.9,7.2,7.4,4.5,5.5,5,6.3,6.7,4.5,5.7,7.2,6.4,4.8,6.1,5.9,4.8,241
Cortes,San Manuel,509,8.6,9.7,0,0,0,5.6,8.2,8.2,7.1,5.5,6,6.1,5.9,3.5,2.3,2.9,4.6,3.3,2.2,2.8,2.9,4,4.6,3.8,3.3,4.8,241
Cortes,La Lima,512,8.8,5.8,0,0,0,4.1,8.9,8.9,7.2,4.9,4.8,5.8,5.2,8.5,2,6.2,5.7,3.3,1.2,2.3,0.9,5.3,3,3.1,2.7,4.8,241
Francisco Morazan,San Ignacio,819,0,0,0,3.8,0,1.1,4.1,4.1,2.7,6.8,8.1,6.8,7.2,8.4,3.5,6.6,6.9,8.3,5,7,5,5.2,4.5,4.9,6.1,4.8,241
Olancho,Salama,1516,0,2.2,0,5.6,4.6,2.8,4,4,3.4,6.4,7.3,7.2,7,5.3,6.8,6.1,6.6,3.3,6.4,5,5.6,4.7,3.5,4.6,4.8,4.8,241
Santa Barbara,San Jose de Colinas,1606,7.6,0,0,8.5,0,5.3,1.8,1.8,3.8,6.5,6.9,6,6.5,0.7,6,3.8,5.3,6.7,4.5,5.7,6.3,2.9,5.8,5,5.4,4.8,241
Atlantida,San Francisco,106,0,0,0,5.4,0,1.4,7.4,7.4,5.1,5.4,6.2,5.6,5.7,3.1,3.4,3.3,4.6,5,3,4.1,4.8,4.5,4.1,4.5,4.3,4.7,247
Colon,Santa Rosa de Aguan,207,0,6.1,7.6,0,0,3.6,0.7,0.7,2.3,7.9,7.2,7.1,7.4,3.8,2.4,3.1,5.7,10,4.3,8.4,5.9,8.8,5.5,6.7,7.7,4.7,247
Copan,Corquin,405,6.9,3.2,0,5.5,6,4.7,0.6,0.6,2.9,6.5,7.2,6.1,6.6,6,6.3,6.2,6.4,6.7,3.5,5.3,5.6,5.3,6.6,5.8,5.6,4.7,247
Gracias a Dios,Ahuas,903,0,0,7.6,0,0,2.3,2.2,2.2,2.3,9.1,6.7,8.4,8.1,0.3,5.3,3.2,6.2,0.7,8.7,6.1,9.9,10,4.9,8.3,7.4,4.7,247
Lempira,La Campa,1308,6.6,0,0,7.2,0,3.6,0,0,2,8.6,6.6,8.6,7.9,1.3,6.6,4.5,6.5,10,6.2,8.8,8.4,7,5.2,6.9,8,4.7,247
Ocotepeque,Dolores Merendon,1404,6.1,0,0,3.1,5.2,3.3,0,0,1.8,9.3,8.2,7.3,8.3,1.5,6.3,4.3,6.7,10,9.3,9.7,4.5,7.7,9.3,7.2,8.8,4.7,247
Yoro,Yoro,1801,0,0,0,9.2,5,4.2,0,0,2.3,7.4,7.6,7.4,7.5,8.6,6.7,7.8,7.7,3.3,3.4,3.4,8.2,8.6,5.3,7.4,5.8,4.7,247
Santa Barbara,Gualala,1611,6.4,0,0,5.7,0,3,1.6,1.6,2.3,6.7,7.5,6.1,6.8,2.3,6,4.4,5.7,10,6.1,8.8,6.7,3.6,6.2,5.5,7.5,4.6,254
Comayagua,Minas de Oro,311,0,0,0,5.3,5.8,2.7,2.5,2.5,2.6,7.3,8.2,7.2,7.6,2.5,5.6,4.2,6.2,2.3,5.3,4,7.5,7.2,5.3,6.7,5.5,4.5,255
Copan,Dolores,407,6.6,2.2,0,6.6,0,3.7,0.2,0.2,2.1,7.7,7.1,6.9,7.2,1.2,7.4,5,6.2,6.7,7.4,7.1,6.4,7.2,6.8,6.8,7,4.5,255
Copan,Dulce Nombre,408,6.5,0,0,5.6,0,3,3.4,3.4,3.2,6.1,7.1,6,6.4,4.2,4.2,4.2,5.4,6.7,5,5.9,5,3.3,5.6,4.6,5.3,4.5,255
El Paraiso,Jacaleapa,706,0,0,0,4.4,0,1.1,5.6,5.6,3.7,6.3,6.4,5,5.9,0.9,3,2,4.2,8.3,4.3,6.7,2.7,7.1,4.6,4.8,5.8,4.5,255
Islas de la Bahia,Jose Santos Guardiola,1103,0,0,7.6,0,0,2.3,5,5,3.8,5.2,6.6,6.8,6.2,0.2,1.8,1,4.1,10,2.5,8,2.5,2.7,3.1,2.8,6,4.5,255
Ocotepeque,Sensenti,1415,6.9,0,0,4.7,5.6,4,1.9,1.9,3,7,8.4,5.7,7,3.7,4.7,4.2,5.8,3.3,5.5,4.5,5.3,6.2,5.4,5.6,5.1,4.5,255
Olancho,Concordia,1504,0,3.3,0,5.9,3.8,2.9,1.3,1.3,2.1,7.6,8.4,6.8,7.6,3.5,4.1,3.8,6,8.3,7.5,7.9,6.6,7.2,6.3,6.7,7.3,4.5,255
Santa Barbara,San Vicente Centenario,1625,6.1,0,0,0,0,2,2.5,2.5,2.3,6.9,6.7,5.9,6.5,2.4,6.6,4.8,5.7,10,4.9,8.5,4.6,3.3,6.6,4.8,7.1,4.5,255
Atlantida,El Porvenir,102,0,0,0,0,0,0,9.2,9.2,6.5,5.5,6.2,6.7,6.1,2.4,2.9,2.7,4.6,0.7,3,1.9,3.9,3.8,3.2,3.6,2.8,4.4,263
Copan,San Nicolas,419,6.8,0,0,3.6,0,2.6,2.7,2.7,2.7,7.1,6.9,6.1,6.7,2.3,5,3.8,5.4,5,5.1,5.1,6.6,6.8,5.9,6.4,5.8,4.4,263
Cortes,Pimienta,504,7.6,8.9,0,0,0,4.7,4.6,4.6,4.7,5.9,5.6,6.4,6,3.1,2.8,3,4.7,3.3,2.6,3,3.9,6.5,3.7,4.7,3.9,4.4,263
Colon,Trujillo,201,0,9.6,0,3.6,0,4.2,0.9,0.9,2.7,6.2,7.4,6.9,6.8,9.9,3.5,8.1,7.5,3.3,2.6,3,5.4,4.8,4.5,4.9,4,4.3,266
Olancho,Silca,1521,0,2.2,0,5.1,0,1.7,2.3,2.3,2,6.6,7.1,7.6,7.1,8.1,3.3,6.3,6.7,5,8.1,6.8,6,4.2,5.8,5.3,6.1,4.3,266
Copan,La Jigua,411,7,0,0,5.4,0,3.1,0,0,1.7,8,7.8,7.9,7.9,4.2,4.9,4.6,6.5,6.7,7.1,6.9,6.8,7,6.1,6.6,6.8,4.2,268
Cortes,San Francisco de Yojoa,508,7.8,3.7,0,3.9,0,3.7,4,4,3.9,5.7,6.5,6.6,6.3,3.4,3,3.2,4.9,6.7,2.4,4.9,4.3,1.6,2.3,2.7,3.9,4.2,268
El Paraiso,Yuscaran,701,0,5.4,0,5.9,0,2.8,3.2,3.2,3,6.4,7.9,5.8,6.7,0.9,2.9,2,4.8,3.3,4.2,3.8,7.5,6.9,3.8,6.1,5.1,4.2,268
Copan,Trinidad de Copan,422,6.7,2.2,0,4.7,0,3.2,0.5,0.5,1.9,7.7,8.1,6.3,7.4,1.5,5.8,4,6,3.3,6.8,5.3,6.3,7.2,6.6,6.7,6,4.1,271
Francisco Morazan,Maraita,810,0,0,0,7.4,5.7,3.4,0,0,1.9,6.9,8,6.1,7,0.5,5.1,3.1,5.4,6.7,6.2,6.5,7.9,7,5.6,6.8,6.7,4.1,271
Gracias a Dios,Juan Francisco Bulnes,904,0,0,6.4,0,0,1.8,1.4,1.4,1.6,7.7,6.5,8,7.4,0.9,3.1,2.1,5.3,10,6.7,8.9,8,9.9,4.1,7.3,8.2,4.1,271
Olancho,San Francisco de Becerra,1518,0,3.4,0,6,0,2.3,1.9,1.9,2.1,7.3,8.1,6.7,7.4,3,1.6,2.3,5.4,5,5.6,5.3,6,7.7,5.8,6.5,5.9,4.1,271
Gracias a Dios,Ramon Villeda Morales,905,0,3.9,6.5,0,0,2.6,0.9,0.9,1.8,9.2,4,7.4,6.9,0.1,3.1,1.7,4.8,3.3,8.8,6.9,9.7,9.2,4.6,7.8,7.4,4,275
Olancho,Guarizama,1509,0,2.2,0,6.3,0,2.1,1.1,1.1,1.6,7.1,8.2,6.9,7.4,5.8,3.9,4.9,6.3,6.7,6.9,6.8,6.3,5.6,6.1,6,6.4,4,275
Comayagua,San Jose del Potrero,315,0,0,0,0,5.3,1.4,1.2,1.2,1.3,7.3,7.6,7.6,7.5,1.8,4.2,3.1,5.7,10,6.4,8.8,7.3,8.1,5.3,6.9,8,3.9,277
Francisco Morazan,San Buenaventura,818,0,3,0,9.3,6.4,5,0,0,2.9,5.8,4.9,5.1,5.3,0.2,3.7,2.1,3.9,6.7,5.3,6,5.4,3.9,2.8,4,5.1,3.9,277
Comayagua,Las Lajas,320,0,0,0,5.6,0,1.5,0.9,0.9,1.2,7.6,7.9,7.7,7.7,6.5,4.7,5.7,6.8,8.3,5.3,7.1,7,6.9,5.8,6.6,6.9,3.8,279
Francisco Morazan,Valle de Angeles,826,0,0,0,7.5,0,2.2,5.1,5.1,3.8,5,5.2,5.4,5.2,0.6,4.2,2.6,4,3.3,2.5,2.9,3.6,4.4,3,3.7,3.3,3.7,280
Francisco Morazan,Villa de San Francisco,827,0,0,0,7,0,2,3.3,3.3,2.7,6.2,6.9,6.5,6.5,0.2,3.5,2,4.6,5,3.4,4.2,4.4,3.9,4.4,4.2,4.2,3.7,280
Olancho,El Rosario,1506,0,2.8,0,0,5.4,1.9,0,0,1,8.2,7.4,8.6,8.1,4.7,5.2,5,6.8,6.7,8.6,7.8,7.6,6.9,5.6,6.7,7.3,3.7,280
Olancho,San Esteban,1517,0,5.3,0,4.7,0,2.4,0,0,1.3,6.8,7,6.9,6.9,6.4,5.2,5.8,6.4,6.7,4.6,5.8,7.7,7.3,4.7,6.6,6.2,3.7,280
Francisco Morazan,San Antonio de Oriente,817,0,3.3,0,5.6,0,2.1,2.3,2.3,2.2,6.1,7.2,5.6,6.3,0.3,2.6,1.5,4.3,5,4,4.5,6,6.8,3.3,5.4,5,3.6,284
Gracias a Dios,Wampusirpi,906,0,0,0,0,0,0,1.5,1.5,0.8,9.1,8.5,8.9,8.8,0.1,4.1,2.3,6.6,6.7,9.9,8.8,9.9,10,5.1,8.3,8.6,3.6,284
Olancho,Manto,1515,0,3.7,0,5.7,0,2.2,0,0,1.2,6.6,7.4,6.9,7,5.9,4.3,5.2,6.2,6.7,6.8,6.8,6.5,5,6.2,5.9,6.4,3.6,284
Olancho,Jano,1512,0,2.8,0,5.2,0,1.9,0,0,1,8.1,7.1,8.5,7.9,1.4,6.2,4.2,6.4,5,7.3,6.3,8.7,5.4,7,7,6.7,3.5,287
Francisco Morazan,Nueva Armenia,812,0,0,0,3.6,5.2,2.1,0,0,1.1,6.3,7.7,6.5,6.8,0.9,4.5,2.9,5.2,8.3,6.7,7.6,6.6,4.3,5.8,5.6,6.7,3.4,288
Francisco Morazan,Tatumbla,825,0,3.7,0,5,0,2,1.1,1.1,1.6,5.9,5.8,4.4,5.4,0.3,4.1,2.4,4.1,8.3,5.5,7.1,3.9,4.9,5.3,4.7,6,3.4,288
El Paraiso,Guinope,705,0,0,0,4,0,0.9,2.1,2.1,1.5,6.2,7.6,5.2,6.3,0.3,3.4,2,4.5,5,6.4,5.7,6.7,4.3,4.7,5.2,5.5,3.3,290
Francisco Morazan,Santa Lucia,823,0,4.1,0,6.8,0,2.7,2.5,2.5,2.6,4.3,4.8,4.2,4.4,0.2,2.1,1.2,3,6.7,2,4.8,2.2,3.3,4.5,3.3,4.1,3.2,291
Comayagua,Lejamani,309,6.5,0,0,0,0,1.8,1.7,1.7,1.8,5.9,5.6,5.3,5.6,0.7,2.5,1.6,3.9,3.3,4.8,4.1,4.2,3.2,4.7,4,4.1,3.1,292
Islas de la Bahia,Guanaja,1102,0,0,8.8,0,0,3,3.5,3.5,3.3,4.5,5.1,5.7,5.1,1.2,1.7,1.5,3.5,3.3,2.7,3,0.9,1.5,3.4,1.9,2.5,3.1,292
Francisco Morazan,Santa Ana,822,0,3.1,0,6.5,0,2.4,0.9,0.9,1.7,5.4,5.3,4.9,5.2,0.3,2.5,1.5,3.6,3.3,2.7,3,3.5,4,3.3,3.6,3.3,2.7,294
Islas de la Bahia,Roatan,1101,0,0,7.6,0,0,2.3,0,0,1.2,4.4,5.3,5.3,5,6.5,3,5,5,6.7,0.6,4.3,2.3,2.3,2.6,2.4,3.4,2.7,294
El Paraiso,Potrerillos,710,0,0,0,3.9,0,0.9,0,0,0.5,6.4,8.3,7.2,7.3,1.4,3.3,2.4,5.3,8.3,5.7,7.2,6.4,4.1,5.3,5.3,6.3,2.6,296
Islas de la Bahia,Utila,1104,0,4.2,7.4,0,0,3,0.5,0.5,1.8,4.6,4.7,4.6,4.6,0.8,1.3,1.1,3,3.3,1.6,2.5,0.4,6,3.3,3.2,2.9,2.5,297
El Paraiso,San Matias,713,0,0,0,4,0,0.9,0,0,0.5,5.7,7,5.3,6,0.5,2.9,1.8,4.2,8.3,5.6,7.2,5.8,4.8,5.4,5.3,6.3,2.4,298